ACCIDENT_YEAR,COLLISION_DATE,COLLISION_TIME,MONTH,SEASON,24HOURS,DAY_OF_WEEK,INTERSECTION,WEATHER_1,STATE_HWY_IND,ROAD_SURFACE,ROAD_COND_1,LIGHTING,STWD_VEHTYPE_AT_FAULT,CHP_VEHTYPE_AT_FAULT,DIRECTION,PCF_VIOL_CATEGORY,TYPE_OF_COLLISION,PEDESTRIAN_ACCIDENT,BICYCLE_ACCIDENT,MOTORCYCLE_ACCIDENT,TRUCK_ACCIDENT,MVIW,TOW_AWAY,HIT_AND_RUN,CONTROL_DEVICE,NUMBER_INJURED,COUNT_PED_INJURED,COUNT_BICYCLIST_INJURED,COUNT_MC_INJURED,PCF_VIOLATION,PARTY_COUNT,POINT_Y,POINT_X,COLLISION_SEVERITY
2011,2011-05-11,1325,5,1,13,3,N,B,Y,A,H,A,A,01,W,03,E,,,,,I,Y,N,D,1,0,0,0,22350.0,1,40.49270672,-123.96938328,3
2011,2011-05-25,745,5,1,7,3,N,B,N,B,H,A,D,22,S,08,F,,,,,A,Y,N,D,1,0,0,0,22107.0,1,40.51553785,-124.27063644,3
2011,2011-05-19,2230,5,1,22,4,N,A,N,A,H,D,D,22,N,08,F,,,,,A,Y,N,D,1,0,0,0,22107.0,1,40.03609536,-123.6395542,3
2011,2011-05-31,1950,5,1,19,2,N,B,Y,B,H,A,D,22,S,01,C,,,,,C,N,M,D,1,0,0,0,23152.0,2,40.71784585,-124.21559776,4
2011,2011-05-21,820,5,1,8,6,N,B,Y,A,H,A,D,22,S,- ,E,,,,,I,Y,N,D,1,0,0,0,,1,40.58386521,-124.15202294,4
2011,2011-05-27,231,5,1,2,5,Y,C,Y,B,H,C,D,22,,01,D,,,,,C,Y,F,A,1,0,0,0,23153.0,2,40.79284508,-124.17758382,3
2011,2011-05-07,1104,5,1,11,6,Y,B,N,A,H,A,A,01,,12,D,,Y,,,C,Y,N,A,1,0,0,0,21453.0,3,40.80058,-124.16346,4
2011,2011-01-01,325,1,4,3,6,N,B,Y,B,H,C,A,01,N,01,E,,,,,I,Y,N,D,0,0,0,0,23152.0,1,40.59189522,-124.15739592,1
2011,2011-02-16,1945,2,4,19,3,N,C,N,C,H,D,D,22,N,01,E,,,,,I,Y,N,D,0,0,0,0,23152.0,1,40.20224769,-124.10177708,1
2011,2011-02-21,234,2,4,2,1,N,A,Y,A,H,C,D,22,S,01,F,,,,,I,Y,N,D,2,0,0,0,23152.0,1,40.99010393,-124.11526756,1
2011,2011-01-13,758,1,4,7,4,N,B,Y,B,H,A,A,01,N,08,E,,,,,I,,N,D,1,0,0,0,22107.0,1,40.61478758,-124.19503067,3
2011,2011-01-01,130,1,4,1,6,N,B,Y,C,H,D,A,01,W,03,F,,,,,A,Y,N,D,1,0,0,0,22350.0,1,40.48561924,-123.64473542,3
2011,2011-02-03,1908,2,4,19,4,N,A,Y,A,H,D,A,01,S,01,E,,,,,I,Y,F,D,1,0,0,0,23152.0,1,40.22246332,-123.79084914,3
2011,2011-01-26,1022,1,4,10,3,-,-,N,-,-,-,A,01,,04,C,,,,,C,N,N,D,1,0,0,0,21703.0,2,,,4
2011,2011-02-01,1235,2,4,12,2,N,A,N,A,H,A,A,07,N,17,A,,,,,C,Y,N,D,3,0,0,0,21662.0,2,40.0912749,-123.94916207,4
2011,2011-02-01,1401,2,4,14,2,N,A,N,A,H,A,A,01,S,10,G,Y,,,,B,N,N,A,1,1,0,0,21950.0,2,40.80092152,-124.16688101,4
2011,2011-01-09,2350,1,4,23,7,N,A,N,A,H,D,D,23,W,01,F,,,,,A,Y,N,D,1,0,0,0,23152.0,1,40.11231646,-123.77345216,4
2011,2011-01-09,59,1,4,0,7,N,A,Y,A,H,D,A,01,N,03,E,,,,,I,Y,N,D,2,0,0,0,22350.0,1,41.02014424,-123.6431473,3
2011,2011-01-11,1825,1,4,18,2,N,B,Y,B,H,D,A,07,W,03,E,,,,,I,Y,N,A,1,0,0,0,22350.0,1,40.91533754,-123.80033681,4
2011,2011-01-01,228,1,4,2,6,N,B,N,B,H,D,D,22,S,08,E,,,,,I,Y,F,D,1,0,0,0,22107.0,1,41.04413323,-123.67459416,4
2011,2011-01-13,1845,1,4,18,4,N,B,N,B,H,D,A,07,W,08,E,,,,,I,N,N,D,1,0,0,0,22107.0,1,40.09141,-123.79912,3
2011,2011-01-01,1628,1,4,16,6,N,A,Y,A,H,A,L,04,S,01,F,,Y,,,A,N,N,D,1,0,1,0,21200.0,1,40.8255854,-124.17608233,3
2011,2011-01-01,1215,1,4,12,6,N,A,Y,A,H,A,D,22,E,05,A,,,,,C,N,N,D,1,0,0,0,21460.0,2,40.92203729,-124.09741853,4
2011,2011-01-05,1712,1,4,17,3,N,A,Y,A,H,B,A,08,N,08,E,,,,,I,Y,N,D,1,0,0,0,22107.0,1,40.11348589,-123.79282783,4
2011,2011-01-12,1233,1,4,12,3,N,B,N,A,H,A,D,22,E,03,C,,,,,C,N,N,A,1,0,0,0,22350.0,2,40.80359172,-124.16013259,4
2011,2011-01-07,1359,1,4,13,5,Y,A,N,A,H,A,A,01,,09,A,,,,,C,Y,N,D,3,0,0,0,21801.0,2,40.79409,-124.17299,3
2011,2011-01-11,911,1,4,9,2,N,B,Y,B,H,A,D,22,E,07,C,,,,,E,Y,N,D,1,0,0,0,21658.0,4,40.80270991,-124.16006654,4
2011,2011-01-12,1339,1,4,13,3,Y,B,N,A,H,A,A,01,,01,D,,,,,C,Y,N,A,1,0,0,0,23152.0,3,40.792851,-124.174062,4
2011,2011-01-13,700,1,4,7,4,N,C,N,B,H,C,-,99,N,05,B,,,,,C,N,F,D,1,0,0,0,21650.0,2,40.79152215,-124.16465361,4
2011,2011-01-05,1151,1,4,11,3,N,A,Y,A,H,A,L,04,S,17,D,,Y,,,G,N,N,A,1,0,1,0,21657.0,2,40.80394508,-124.15754382,3
2011,2011-01-29,721,1,4,7,6,N,B,N,A,H,B,N,60,S,11,G,Y,,,,B,Y,N,D,1,1,0,0,21954.0,2,40.78141002,-124.18044358,2
2011,2011-01-28,13,1,4,0,5,N,A,Y,A,H,D,A,01,E,08,C,,,,,E,Y,N,D,1,0,0,0,22107.0,2,40.54538221,-124.08720275,2
2011,2011-02-01,1945,2,4,19,2,N,A,N,A,H,C,A,07,W,05,A,,,,,C,Y,N,D,2,0,0,0,21650.0,2,40.6308795,-124.2054972,4
2011,2011-02-05,1258,2,4,12,6,N,A,Y,A,H,A,A,01,S,09,D,,,,,C,Y,N,D,1,0,0,0,21801.0,2,40.79140792,-124.1784025,4
2011,2011-01-25,326,1,4,3,2,N,A,Y,A,H,D,D,22,N,08,E,,,,,I,Y,N,D,1,0,0,0,22107.0,1,40.82324859,-124.0877971,4
2011,2011-01-28,1102,1,4,11,5,N,A,Y,A,H,A,A,01,N,17,B,,Y,,,G,N,N,D,1,0,1,0,22517.0,2,40.78988037,-124.17933802,3
2011,2011-01-14,1245,1,4,12,5,N,B,Y,A,H,A,A,01,E,01,E,,,,,I,Y,M,D,2,0,0,0,23152.0,1,40.90768588,-123.71296843,3
2011,2011-01-26,7,1,4,0,3,N,A,Y,A,H,D,A,01,S,01,E,,,,,I,Y,N,D,2,0,0,0,23152.0,1,40.69859146,-124.20446964,2
2011,2011-01-26,2206,1,4,22,3,N,A,N,A,H,D,D,22,N,01,E,,,,,I,Y,N,D,1,0,0,0,23152.0,1,40.92351976,-124.08153449,3
2011,2011-01-23,2325,1,4,23,7,N,A,Y,A,H,C,-,99,W,08,G,Y,,,,B,N,F,D,1,1,0,0,22107.0,2,40.54738906,-124.09596225,2
2011,2011-03-11,1340,3,1,13,5,N,B,N,A,H,A,D,22,W,08,E,,,,,I,Y,N,D,1,0,0,0,22107.0,1,40.4685,-123.79928,4
2011,2011-02-27,147,2,4,1,7,N,A,Y,A,H,D,A,01,S,01,E,,,,,I,Y,N,D,1,0,0,0,23152.0,1,40.87045509,-124.08303382,3
2011,2011-02-27,145,2,4,1,7,N,A,Y,A,H,D,A,01,,01,E,,,,,I,Y,N,D,1,0,0,0,23152.0,1,40.87062517,-124.08298945,3
2011,2011-01-02,108,1,4,1,7,Y,A,N,B,H,C,D,22,,01,D,,,,,C,Y,N,A,2,0,0,0,23152.0,2,40.78285,-124.1647,4
2011,2011-01-04,1542,1,4,15,2,Y,B,N,A,H,A,A,01,,09,D,,,,,C,N,N,A,3,0,0,0,21802.0,2,40.792869,-124.1750025,4
2011,2011-01-03,2201,1,4,22,1,N,A,N,A,H,D,N,60,W,11,G,Y,,,,B,N,N,D,1,1,0,0,21950.0,2,40.79445556,-124.16463496,4
2011,2011-01-05,1239,1,4,12,3,N,B,N,A,H,A,A,01,S,21,D,,,,,C,N,N,D,1,0,0,0,22106.0,2,40.8051344,-124.16682201,4
2011,2011-01-09,1945,1,4,19,7,N,A,N,A,H,D,-,- ,N,03,A,,,,,I,Y,N,D,1,0,0,0,22350.0,1,40.57999187,-124.12234222,4
2011,2011-01-17,650,1,4,6,1,N,B,Y,B,H,B,A,01,N,08,E,,,,,I,Y,N,D,1,0,0,0,22107.0,1,40.07302827,-123.79111108,3
2011,2011-01-06,1625,1,4,16,4,N,A,N,A,H,A,A,01,W,03,C,,,,,C,N,N,D,1,0,0,0,22350.0,2,40.93547666,-124.0904868,4
2011,2011-01-15,35,1,4,0,6,N,A,N,-,H,C,N,60,W,11,G,Y,,,,B,N,N,D,1,1,0,0,21954.0,2,40.55210991,-124.11680371,3
2011,2011-01-21,1552,1,4,15,5,N,B,Y,A,H,A,A,07,S,03,C,,,,,C,Y,N,A,1,0,0,0,22350.0,2,40.78404422,-124.18288412,4
2011,2011-01-23,2001,1,4,20,7,Y,A,N,A,H,C,A,01,,09,A,,,,,C,Y,N,D,1,0,0,0,21801.0,2,40.790664,-124.171929,3
2011,2011-01-17,1928,1,4,19,1,N,B,Y,A,H,D,A,01,W,03,E,,,,,I,Y,N,A,1,0,0,0,22350.0,1,40.94616822,-123.65238705,4
2011,2011-01-24,1326,1,4,13,1,Y,B,Y,A,H,A,D,22,,01,A,,,,,C,Y,N,A,2,0,0,0,23152.0,2,40.80469508,-124.15386307,3
2011,2011-02-07,2315,2,4,23,1,N,A,N,A,H,C,A,01,E,01,E,,,,,I,Y,N,D,2,0,0,0,23152.0,1,40.90047854,-124.01134023,3
2011,2011-02-13,1526,2,4,15,7,N,B,N,A,H,A,D,22,N,03,E,,,,,I,Y,F,D,1,0,0,0,22350.0,1,40.76091856,-124.16420482,3
2011,2011-02-05,2345,2,4,23,6,Y,B,Y,A,H,C,-,- ,,12,D,,,,,C,Y,N,A,1,0,0,0,21453.0,2,40.80225681,-124.16340112,4
2011,2011-02-05,1213,2,4,12,6,Y,B,N,A,H,A,A,01,,09,D,,,,,C,Y,N,B,1,0,0,0,21800.0,2,40.80058,-124.16346,4
2011,2011-03-04,2202,3,1,22,5,N,B,Y,A,H,D,A,01,N,03,H,,,,,H,N,N,D,2,0,0,0,22350.0,1,41.35879292,-123.99630664,4
2011,2011-02-12,1104,2,4,11,6,Y,A,N,A,H,A,A,01,,09,D,,,,,C,Y,F,A,1,0,0,0,21802.0,2,40.79354,-124.16512,4
2011,2011-02-24,1345,2,4,13,4,Y,B,N,B,H,A,A,01,,09,D,,,,,C,Y,N,A,4,0,0,0,21802.0,2,40.789827,-124.1771895,4
2011,2011-02-18,1400,2,4,14,5,Y,A,N,A,H,A,-,- ,,00,C,,Y,,,G,N,F,D,1,0,1,0,,2,40.78959237,-124.16862488,3
2011,2011-02-05,1321,2,4,13,6,N,B,N,A,H,A,A,01,S,03,C,,,,,C,N,N,D,2,0,0,0,22350.0,2,40.78454173,-124.17509079,4
2011,2011-01-29,849,1,4,8,6,Y,B,N,A,H,A,A,07,,12,D,,,,,C,Y,N,A,2,0,0,0,22450.0,2,40.80089,-124.16123,4
2011,2011-01-22,530,1,4,5,6,N,B,Y,A,H,D,A,07,N,01,E,,,,,I,Y,N,D,2,0,0,0,23152.0,1,41.14510205,-123.68068456,3
2011,2011-01-25,640,1,4,6,2,N,A,Y,C,G,-,-,- ,W,18,E,,,,,I,Y,N,A,1,0,0,0,,1,40.90619806,-123.73573576,4
2011,2011-02-06,1130,2,4,11,7,N,A,N,A,H,A,D,22,N,03,B,,,,,C,N,N,D,1,0,0,0,22350.0,2,41.34652489,-123.51108402,4
2011,2011-02-05,1745,2,4,17,6,N,A,Y,A,H,B,-,99,N,03,G,Y,,,,B,N,F,D,1,1,0,0,22350.0,2,40.85105922,-124.16430702,3
2011,2011-02-24,1115,2,4,11,4,N,A,Y,B,H,A,D,22,S,01,E,,,,,I,Y,N,D,1,0,0,0,23152.0,1,40.52357399,-124.14880976,4
2011,2011-01-28,1508,1,4,15,5,N,B,N,A,H,A,L,04,W,05,D,,Y,,,G,N,N,A,1,0,1,0,21650.0,2,40.78687482,-124.1397291,3
2011,2011-03-12,1730,3,1,17,6,N,B,N,B,H,D,D,22,N,03,E,,,,,I,Y,N,D,2,0,0,0,22350.0,1,41.09395699,-123.71270779,4
2011,2011-03-05,347,3,1,3,6,N,C,N,B,H,D,A,01,E,01,E,,,,,I,Y,N,A,1,0,0,0,23152.0,1,40.93529184,-124.09021913,3
2011,2011-02-22,2255,2,4,22,2,Y,B,N,A,H,C,A,01,,01,E,,,,,I,Y,N,A,1,0,0,0,23152.0,1,40.81012,-124.08595,3
2011,2011-02-25,1645,2,4,16,5,N,B,Y,C,G,A,A,07,N,03,E,,,,,I,Y,N,D,1,0,0,0,22350.0,1,40.23854554,-123.83215716,2
2011,2011-03-17,730,3,1,7,4,N,B,Y,B,H,A,D,22,S,08,D,,,,,C,N,N,A,1,0,0,0,22107.0,2,40.70304981,-124.20906363,4
2011,2011-02-16,1205,2,4,12,3,N,B,N,C,H,A,A,01,N,08,E,,,,,I,Y,N,D,1,0,0,0,22107.0,1,40.62040996,-124.211559,4
2011,2011-02-15,1925,2,4,19,2,N,B,Y,B,H,D,A,01,S,08,E,,,,,I,Y,N,D,1,0,0,0,22107.0,1,40.00247344,-123.78316916,4
2011,2011-02-16,1509,2,4,15,3,N,B,N,B,H,A,A,01,E,03,C,,,,,C,Y,F,D,3,0,0,0,22350.0,3,40.78039364,-124.14690129,4
2011,2011-02-08,703,2,4,7,2,Y,A,N,A,H,B,A,01,,09,D,,,,,C,Y,N,A,1,0,0,0,21802.0,3,40.78608,-124.15348,3
2011,2011-03-16,1002,3,1,10,3,N,A,Y,A,H,A,D,22,N,03,C,,,,,C,N,N,A,1,0,0,0,22350.0,3,40.79187693,-124.17813529,4
2011,2011-02-28,1001,2,4,10,1,Y,B,Y,B,H,A,-,- ,,12,D,,,,,C,Y,N,A,1,0,0,0,21453.0,2,40.8658575,-124.09141791,4
2011,2011-02-12,1626,2,4,16,6,Y,A,N,A,H,A,D,22,,04,C,,,,,C,Y,N,D,2,0,0,0,21703.0,2,40.89333,-124.09436,4
2011,2011-02-17,1025,2,4,10,4,N,C,N,B,H,A,A,01,S,01,C,,,,,C,Y,N,A,2,0,0,0,23152.0,2,40.79627973,-124.13966365,4
2011,2011-02-16,1230,2,4,12,3,N,C,N,C,D,A,D,22,E,08,E,,,,,I,N,M,D,1,0,0,0,22107.0,1,40.78433897,-124.08156011,4
2011,2011-03-01,1230,3,1,12,2,Y,B,N,A,H,A,A,01,,09,D,,,,,C,Y,N,D,1,0,0,0,21801.0,2,40.80485,-124.16334,4
2011,2011-01-28,1751,1,4,17,5,N,B,N,A,H,D,L,04,N,01,D,,Y,,,G,N,N,D,1,0,1,0,21200.0,2,40.8981986,-124.09242243,3
2011,2011-02-07,1825,2,4,18,1,Y,A,N,A,H,C,D,22,,12,D,,,,,C,Y,N,A,2,0,0,0,21453.0,2,40.80384,-124.14937,4
2011,2011-02-18,1202,2,4,12,5,Y,A,N,A,H,A,A,01,,12,D,,,,,C,Y,N,A,2,0,0,0,21453.0,2,40.80093,-124.16687,4
2011,2011-02-23,917,2,4,9,3,Y,B,N,A,H,A,A,01,,12,D,,,,,C,Y,N,A,3,0,0,0,21453.0,2,40.80093,-124.16687,3
2011,2011-02-18,1425,2,4,14,5,Y,A,Y,A,H,A,A,01,,09,D,,,,,C,Y,N,A,1,0,0,0,21801.0,2,40.80386508,-124.15371382,4
2011,2011-02-21,653,2,4,6,1,N,B,N,A,H,A,L,04,N,17,D,,Y,,,G,N,N,A,1,0,1,0,21657.0,2,40.7803788,-124.16138348,4
2011,2011-02-20,1305,2,4,13,7,N,B,N,A,H,A,A,01,E,03,C,,,,,C,N,N,D,1,0,0,0,22350.0,3,40.78043508,-124.16456128,4
2011,2011-03-22,840,3,1,8,2,N,A,N,A,H,A,D,22,N,08,E,,,,,I,N,N,D,1,0,0,0,22107.0,1,40.55491928,-124.12154023,4
2011,2011-02-20,1439,2,4,14,7,N,B,Y,A,H,A,D,22,E,03,C,,,,,C,Y,N,D,1,0,0,0,22350.0,2,40.80200717,-124.17144056,3
2011,2011-03-28,1220,3,1,12,1,Y,B,N,B,H,A,A,07,,09,D,,,,,D,Y,N,A,1,0,0,0,21802.0,2,40.11687,-123.799932,3
2011,2011-02-17,1930,2,4,19,4,N,B,Y,B,H,D,D,22,W,21,E,,,,,I,Y,N,D,1,0,0,0,22106.0,1,40.9220038,-124.09893731,4
2011,2011-02-19,347,2,4,3,6,Y,B,N,B,H,C,A,07,,01,E,,,,,I,Y,N,A,1,0,0,0,23152.0,1,40.97797,-124.10062,4
2011,2011-02-17,620,2,4,6,4,N,B,Y,C,H,B,A,01,N,03,E,,,,,I,Y,N,D,1,0,0,0,22350.0,1,41.26208502,-123.6065929,4
2011,2011-02-02,1600,2,4,16,3,N,A,N,A,H,A,A,08,N,13,D,Y,,,,B,Y,N,D,1,1,0,0,22500.0,3,40.81755853,-124.07988578,3
2011,2011-02-18,745,2,4,7,5,N,A,Y,C,H,A,D,22,E,08,E,,,,,I,Y,N,A,1,0,0,0,22107.0,1,40.89754823,-123.7683644,4
2011,2011-03-22,1001,3,1,10,2,N,A,Y,A,H,A,A,01,S,03,C,,,,,C,Y,N,D,2,0,0,0,22350.0,2,40.76824749,-124.19164807,4
2011,2011-02-26,829,2,4,8,6,N,A,Y,C,H,A,D,22,S,03,E,,,,,I,Y,N,D,1,0,0,0,22350.0,1,40.66708978,-124.20293733,2
2011,2011-03-03,1605,3,1,16,4,N,B,N,B,H,A,D,22,S,03,C,,,,,C,Y,N,A,1,0,0,0,22350.0,3,40.9346656,-124.10091094,4
2011,2011-02-25,2046,2,4,20,5,N,D,Y,C,H,D,A,07,N,01,C,,,,,C,Y,N,D,2,0,0,0,23152.0,2,40.60716068,-124.18431253,4
2011,2011-02-25,1321,2,4,13,5,N,D,N,C,H,A,A,07,E,03,F,,,,,A,Y,N,D,1,0,0,0,22350.0,1,40.8804,-123.87062,4
2011,2011-02-28,1515,2,4,15,1,N,B,Y,A,H,A,-,- ,N,18,H,,,,,A,Y,N,D,1,0,0,0,,1,40.87871509,-124.08252382,4
2011,2011-02-27,215,2,4,2,7,N,A,Y,A,H,D,A,01,W,01,E,,,,,I,Y,N,A,1,0,0,0,23152.0,1,40.90775949,-123.73009556,3
2011,2011-02-26,40,2,4,0,6,Y,B,Y,C,H,C,A,07,,03,E,,,,,I,Y,N,A,1,0,0,0,22350.0,1,40.82652218,-124.17617635,4
2011,2011-03-28,2300,3,1,23,1,N,B,Y,A,H,D,D,22,E,01,E,,,,,I,Y,N,D,1,0,0,0,23152.0,2,40.52840716,-124.03578687,2
2011,2011-03-23,1713,3,1,17,3,Y,B,N,A,H,A,N,60,,11,G,Y,,,,B,N,N,A,1,1,0,0,21950.0,2,40.78532,-124.13103,2
2011,2011-03-31,1125,3,1,11,4,N,B,Y,B,H,A,D,22,E,08,E,,,,,I,Y,N,D,1,0,0,0,22107.0,1,40.47936499,-123.95282891,2
2011,2011-03-05,615,3,1,6,6,N,C,Y,B,H,B,A,01,S,03,E,,,,,I,Y,N,D,4,0,0,0,22350.0,1,41.00897842,-123.64692232,2
2011,2011-03-31,5,3,1,0,4,N,A,Y,A,H,D,D,22,E,08,E,,,,,I,Y,N,D,1,0,0,0,22107.0,1,40.94463039,-123.65653547,4
2011,2011-03-27,325,3,1,3,7,N,B,N,B,H,C,D,22,N,08,H,,,,,A,N,F,D,2,0,0,0,22107.0,1,40.93669847,-124.08993996,2
2011,2011-04-06,1300,4,1,13,3,N,B,N,B,H,A,A,07,E,09,D,,,,,C,Y,N,A,1,0,0,0,21804.0,2,40.95613087,-124.09512761,4
2011,2011-03-12,1810,3,1,18,6,Y,A,N,A,H,C,A,07,,03,C,,,,,C,Y,N,D,1,0,0,0,22350.0,2,40.947,-124.11062,4
2011,2011-03-08,147,3,1,1,2,N,B,Y,B,H,C,A,01,E,01,E,,,,,I,Y,N,D,2,0,0,0,23152.0,1,40.89851509,-124.08382382,2
2011,2011-02-25,2002,2,4,20,5,N,B,N,B,H,D,A,01,E,08,E,,,,,I,Y,N,D,1,0,0,0,22107.0,1,40.11078378,-123.77721495,2
2011,2011-04-04,1405,4,1,14,1,N,A,Y,A,H,A,D,22,E,08,E,,,,,I,Y,N,D,1,0,0,0,22107.0,1,40.49180805,-123.61368826,3
2011,2011-03-05,1005,3,1,10,6,N,B,Y,B,H,A,A,07,N,- ,E,,,,,I,Y,N,D,1,0,0,0,,1,40.99239894,-123.63587313,4
2011,2011-03-10,1300,3,1,13,4,N,A,N,A,H,A,A,07,N,01,F,,,,,A,Y,N,D,1,0,0,0,23152.0,1,40.04593652,-124.03853685,4
2011,2011-03-06,915,3,1,9,7,N,B,Y,A,H,A,D,22,N,01,E,,,,,I,Y,N,D,1,0,0,0,23152.0,1,40.97325838,-124.11665961,3
2011,2011-03-04,300,3,1,3,5,N,B,N,B,-,D,D,22,S,08,E,,,,,J,Y,F,D,2,0,0,0,22107.0,1,41.05342846,-123.68279374,3
2011,2011-04-06,1025,4,1,10,3,N,B,Y,A,H,A,D,23,S,08,E,,,,,I,Y,N,D,1,0,0,0,22107.0,1,40.43203335,-123.98552164,4
2011,2011-03-29,2055,3,1,20,2,N,B,N,B,H,D,A,07,S,06,C,,,,,C,N,N,D,1,0,0,0,21750.0,2,40.63600035,-124.22365564,4
2011,2011-04-07,1055,4,1,10,4,N,B,N,A,H,A,A,01,E,03,C,,,,,C,Y,N,D,1,0,0,0,22350.0,2,40.78045795,-124.13752793,3
2011,2011-03-19,440,3,1,4,6,N,C,N,B,H,C,A,08,N,08,E,,,,,I,Y,N,D,1,0,0,0,22107.0,1,40.95236575,-124.10089642,4
2011,2011-03-07,1101,3,1,11,1,Y,B,N,B,H,A,A,01,,12,D,,,,,C,Y,N,A,1,0,0,0,21453.0,2,40.79504,-124.16099,4
2011,2011-03-22,1538,3,1,15,2,Y,B,N,A,H,A,A,01,,09,A,,,,,C,Y,N,A,3,0,0,0,21802.0,2,40.783023,-124.177248,4
2011,2011-03-10,2130,3,1,21,4,Y,A,N,A,H,C,A,01,,10,G,Y,,,,B,N,N,A,1,1,0,0,21950.0,2,40.78036,-124.16137,3
2011,2011-02-15,1900,2,4,19,2,N,B,Y,B,H,D,A,01,N,08,E,,,,,I,Y,N,D,1,0,0,0,22107.0,1,41.32552496,-124.03399251,4
2011,2011-02-08,1423,2,4,14,2,Y,A,N,A,H,A,L,04,,12,D,,Y,,,G,N,N,D,1,0,1,0,22450.0,2,40.8711,-124.08833,4
2011,2011-02-25,605,2,4,6,5,N,B,Y,A,H,C,L,04,S,05,D,,Y,,,G,N,N,A,1,0,1,0,21650.0,2,40.79390148,-124.17697178,3
2011,2011-02-25,1148,2,4,11,5,Y,B,N,A,H,A,A,01,,09,D,,,,,C,Y,N,A,1,0,0,0,21801.0,2,40.78164,-124.16471,4
2011,2011-04-05,1650,4,1,16,2,N,A,Y,A,H,A,D,22,N,03,C,,,,,C,N,N,A,1,0,0,0,22350.0,3,40.79153507,-124.17832594,4
2011,2011-03-28,1115,3,1,11,1,Y,B,N,A,H,A,A,01,,09,D,,,,,C,N,N,A,1,0,0,0,21801.0,2,40.80107,-124.16582,4
2011,2011-03-15,1429,3,1,14,2,Y,B,N,A,H,A,A,01,,12,D,,,,,C,Y,N,A,1,0,0,0,22450.0,2,40.78617,-124.1709,3
2011,2011-03-22,930,3,1,9,2,N,A,N,A,H,A,L,04,N,08,F,,Y,,,A,N,N,D,1,0,1,0,22107.0,1,40.99400543,-124.11120772,3
2011,2011-03-18,2100,3,1,21,5,N,B,N,B,H,D,N,60,E,11,G,Y,,,,B,N,N,D,1,1,0,0,21956.0,2,41.06193693,-123.68454712,3
2011,2011-03-28,1043,3,1,10,1,Y,A,N,A,H,A,A,07,,09,A,,,,,C,Y,N,D,1,0,0,0,21801.0,2,40.7833,-124.12556,4
2011,2011-03-18,2018,3,1,20,5,N,B,Y,B,D,D,A,01,E,03,E,,,,,I,Y,N,A,3,0,0,0,22350.0,1,40.88911353,-123.94304301,2
2011,2011-03-18,835,3,1,8,5,N,B,Y,C,H,A,A,01,E,03,A,,,,,C,Y,N,D,1,0,0,0,22350.0,2,40.90718512,-123.75550377,2
2011,2011-03-08,1145,3,1,11,2,Y,B,N,B,H,A,D,22,,09,C,,,,,C,N,N,D,1,0,0,0,21802.0,2,40.11118,-123.79457,4
2011,2011-03-05,1922,3,1,19,6,N,C,N,B,H,C,A,01,N,08,G,Y,,,,B,N,N,D,1,1,0,0,22107.0,2,40.80005788,-124.14813021,4
2011,2011-03-28,1458,3,1,14,1,Y,A,N,A,H,A,A,01,,10,G,Y,,,,B,N,N,D,1,1,0,0,21950.0,3,40.598,-124.15758,3
2011,2011-03-28,1220,3,1,12,1,Y,A,N,A,H,A,A,07,,08,B,,,,,I,N,N,D,1,0,0,0,22107.0,1,40.57025,-124.13875,4
2011,2011-04-13,2045,4,1,20,3,N,A,Y,A,H,D,D,22,W,08,E,,,,,I,Y,N,D,1,0,0,0,22107.0,1,40.92200716,-124.09893865,4
2011,2011-04-15,930,4,1,9,5,N,B,Y,B,H,A,D,22,E,03,E,,,,,I,Y,N,D,1,0,0,0,22350.0,1,40.46836535,-123.82310128,3
2011,2011-04-15,1535,4,1,15,5,N,C,N,B,H,A,A,01,S,21,C,,,,,C,N,N,A,1,0,0,0,22106.0,2,40.80545743,-124.14936314,4
2011,2011-04-24,355,4,1,3,7,N,B,Y,B,H,D,D,22,S,08,E,,,,,I,Y,N,D,1,0,0,0,22107.0,1,40.66042997,-124.20488345,4
2011,2011-03-22,2015,3,1,20,2,Y,B,N,A,H,C,A,01,,12,D,,,,,C,Y,N,A,1,0,0,0,21453.0,2,,,3
2011,2011-04-03,1411,4,1,14,7,N,B,N,A,H,A,A,01,W,03,C,,,,,C,Y,F,A,4,0,0,0,22350.0,2,40.78036508,-124.161503,4
2011,2011-04-11,1440,4,1,14,1,N,A,N,D,A,A,L,04,N,03,F,,Y,,,A,N,N,D,1,0,1,0,22350.0,1,40.94400222,-124.11401237,3
2011,2011-04-05,1602,4,1,16,2,N,A,Y,A,H,A,A,01,N,08,D,,,,,C,Y,N,D,2,0,0,0,22107.0,2,40.07484309,-123.79085465,3
2011,2011-04-10,1427,4,1,14,7,Y,B,N,A,H,A,A,01,,09,D,,,,,C,Y,N,A,2,0,0,0,21802.0,2,40.79141,-124.16793,3
2011,2011-03-08,2015,3,1,20,2,Y,A,N,A,H,C,L,04,,01,D,,Y,,,G,N,N,A,1,0,1,0,21200.0,2,40.8728,-124.0843,2
2011,2011-04-05,1757,4,1,17,2,Y,A,N,A,H,A,A,07,,03,C,,,,,D,Y,N,D,1,0,0,0,22350.0,2,40.7804,-124.14444,4
2011,2011-04-17,1425,4,1,14,7,N,B,N,B,G,A,C,02,E,03,F,,,Y,,A,N,N,D,1,0,0,1,22350.0,1,40.62206309,-124.21079546,3
2011,2011-03-15,1940,3,1,19,2,N,C,Y,B,H,C,A,01,N,10,G,Y,,,,B,N,N,A,1,1,0,0,21950.0,2,40.79410508,-124.17685382,3
2011,2011-04-08,520,4,1,5,5,N,B,Y,A,H,B,A,07,N,08,F,,,,,A,Y,N,D,1,0,0,0,22107.0,1,40.16688063,-123.78274169,4