ACCIDENT_YEAR,COLLISION_DATE,COLLISION_TIME,MONTH,SEASON,24HOURS,DAY_OF_WEEK,INTERSECTION,WEATHER_1,STATE_HWY_IND,ROAD_SURFACE,ROAD_COND_1,LIGHTING,STWD_VEHTYPE_AT_FAULT,CHP_VEHTYPE_AT_FAULT,DIRECTION,PCF_VIOL_CATEGORY,TYPE_OF_COLLISION,PEDESTRIAN_ACCIDENT,BICYCLE_ACCIDENT,MOTORCYCLE_ACCIDENT,TRUCK_ACCIDENT,MVIW,TOW_AWAY,HIT_AND_RUN,CONTROL_DEVICE,NUMBER_INJURED,COUNT_PED_INJURED,COUNT_BICYCLIST_INJURED,COUNT_MC_INJURED,PCF_VIOLATION,PARTY_COUNT,POINT_Y,POINT_X,COLLISION_SEVERITY
2012,2012-11-03,2230,11,3,22,6,N,B,Y,A,H,D,A,01,S,08,F,,,,,A,Y,N,D,1,0,0,0,22107.0,1,40.03354506,-123.79315365,4
2012,2012-11-09,2145,11,3,21,5,N,B,N,B,H,D,A,07,N,01,E,,,,,I,Y,N,D,1,0,0,0,23152.0,1,40.83500496,-124.07291377,3
2012,2012-11-30,1240,11,3,12,5,Y,B,Y,B,H,A,A,01,,06,D,,,,Y,C,Y,N,D,2,0,0,0,21750.0,2,40.94897724,-123.63774561,4
2012,2012-11-25,240,11,3,2,7,N,B,Y,A,H,D,D,22,N,08,E,,,,,I,Y,N,D,1,0,0,0,22107.0,1,40.18691507,-123.77086367,2
2012,2012-11-28,715,11,3,7,3,Y,B,N,B,H,B,A,07,,12,D,,,,,C,Y,N,A,1,0,0,0,22450.0,2,40.80122501,-124.16476374,4
2012,2012-12-02,1910,12,4,19,7,Y,A,N,B,H,C,-,- ,,00,D,,,,,C,Y,N,A,1,0,0,0,,2,40.94213504,-124.10096374,4
2012,2012-12-20,1659,12,4,16,4,Y,B,N,B,H,D,D,22,,09,D,,,,,C,Y,N,A,1,0,0,0,21802.0,2,40.79149502,-124.17914374,4
2012,2012-12-27,1753,12,4,17,4,N,A,Y,A,G,D,N,60,N,11,G,Y,,,,B,N,N,D,1,1,0,0,21954.0,2,40.77310516,-124.19086778,4
2012,2012-08-31,936,8,2,9,5,Y,A,N,A,H,A,A,01,,08,D,,Y,,,G,N,N,D,1,0,1,0,22107.0,2,40.86600502,-124.0779238,4
2012,2012-11-30,954,11,3,9,5,N,C,N,B,H,A,D,22,S,03,C,,,,,C,Y,N,D,1,0,0,0,22350.0,2,40.80292485,-124.1493836,4
2012,2012-12-10,1334,12,4,13,1,N,A,Y,A,H,A,D,22,S,03,C,,,,,C,N,N,D,2,0,0,0,22350.0,2,40.79064508,-124.17888382,4
2012,2012-12-04,2335,12,4,23,2,N,C,Y,B,H,D,D,22,S,01,C,,,,Y,C,Y,N,D,1,0,0,0,23152.0,2,40.65835507,-124.2062038,3
2012,2012-12-07,1125,12,4,11,5,N,A,Y,A,H,A,A,01,S,03,C,,,,,C,Y,N,D,1,0,0,0,22350.0,2,40.10914894,-123.79346012,3
2012,2012-12-07,2000,12,4,20,5,N,B,N,A,H,D,D,22,E,01,E,,,,,I,Y,N,D,1,0,0,0,23152.0,1,40.43984406,-124.03292924,2
2012,2012-12-06,1900,12,4,19,4,N,A,N,B,H,D,D,23,W,08,F,,,,,A,Y,N,A,2,0,0,0,22107.0,1,40.79104771,-123.87872458,3
2012,2012-11-04,1527,11,3,15,7,N,A,N,A,H,A,D,22,S,09,H,,Y,,,G,N,N,A,1,0,1,0,21801.0,2,40.79488154,-124.16211054,3
2012,2012-11-29,1552,11,3,15,4,N,C,N,B,H,A,A,01,S,08,C,,,,,E,N,N,D,1,0,0,0,22107.0,2,40.78190974,-124.1636069,4
2012,2012-11-29,807,11,3,8,4,Y,C,N,B,H,A,L,04,,05,D,,Y,,,G,N,N,A,1,0,1,0,21650.0,2,40.78053495,-124.17896386,3
2012,2012-11-02,1327,11,3,13,5,Y,B,Y,A,H,A,A,01,,03,C,,,,,C,N,M,D,1,0,0,0,22350.0,3,40.80324536,-124.16266429,4
2012,2012-12-07,25,12,4,0,5,N,A,Y,A,H,D,D,22,W,08,E,,,,,I,Y,N,D,1,0,0,0,22107.0,1,40.47680378,-123.88461722,2
2012,2012-12-07,1900,12,4,19,5,N,A,N,A,H,D,D,23,E,03,C,,,,,C,N,N,D,1,0,0,0,22350.0,2,40.85169622,-124.16248203,4
2012,2012-12-05,1615,12,4,16,3,Y,B,N,A,H,A,D,22,,12,D,,,,,D,N,N,A,1,0,0,0,22450.0,2,40.79146502,-124.16976385,4
2012,2012-11-14,400,11,3,4,3,N,A,Y,A,H,C,A,07,N,01,E,,,,,I,Y,N,D,1,0,0,0,23152.0,1,40.62230506,-124.2127738,4
2012,2012-11-16,1525,11,3,15,5,N,B,N,B,H,A,A,01,E,01,E,,,,,I,Y,N,D,1,0,0,0,23152.0,1,40.64265459,-124.20422941,4
2012,2012-11-22,115,11,3,1,4,N,A,Y,A,H,D,A,01,N,08,C,,,,,C,Y,F,D,1,0,0,0,22107.0,2,40.90828369,-124.08870312,4
2012,2012-09-15,715,9,3,7,6,N,B,N,A,H,B,A,01,N,08,-,,Y,,,G,N,F,D,1,0,1,0,22107.0,2,40.78714958,-124.13970386,3
2012,2012-12-12,800,12,4,8,3,N,B,N,B,H,A,A,01,S,08,E,,,,,I,Y,N,D,1,0,0,0,22107.0,1,40.50786225,-124.28607166,4
2012,2012-12-11,1340,12,4,13,2,N,B,N,A,H,A,C,06,E,03,D,,,Y,,C,Y,N,D,1,0,0,1,22350.0,2,40.05833552,-123.97082425,4
2012,2012-12-03,1241,12,4,12,1,N,B,N,A,H,A,A,07,N,05,A,,,,,C,Y,F,D,1,0,0,0,21650.0,2,,,3
2012,2012-12-17,1116,12,4,11,1,N,B,Y,A,H,A,A,08,S,03,C,,,,,C,Y,N,D,1,0,0,0,22350.0,2,40.60271454,-124.17359398,4
2012,2012-12-31,1305,12,4,13,1,N,B,N,C,H,A,D,22,E,03,B,,,,,C,Y,N,D,1,0,0,0,22350.0,3,40.86594346,-123.74213382,4
2012,2012-12-18,1745,12,4,17,2,N,A,N,A,H,C,N,60,W,11,G,Y,,,,B,N,N,A,1,1,0,0,21954.0,2,40.93421505,-124.10112109,3
2012,2012-11-14,1330,11,3,13,3,N,B,Y,A,H,A,A,01,S,03,C,,,,,C,Y,N,D,1,0,0,0,22350.0,3,40.85183508,-124.16388382,4
2012,2012-11-21,1400,11,3,14,3,N,A,Y,B,H,A,A,01,N,08,F,,,,,A,Y,N,D,1,0,0,0,22107.0,1,41.23674885,-124.08365876,4
2012,2012-11-17,2135,11,3,21,6,N,B,Y,B,H,D,A,01,N,08,E,,,,,I,Y,N,D,1,0,0,0,22107.0,1,40.62414273,-124.21532554,4
2012,2012-11-21,1225,11,3,12,3,N,B,N,A,H,A,A,01,E,03,G,Y,,,,B,N,N,D,1,1,0,0,22350.0,2,40.94445049,-124.09984653,3
2012,2012-11-30,2300,11,3,23,5,N,C,Y,B,H,D,C,02,N,08,F,,,Y,,A,Y,N,D,1,0,0,1,22107.0,1,40.62214987,-124.21277102,4
2012,2012-12-25,1949,12,4,19,2,N,B,Y,B,H,D,D,23,E,08,E,,,,,I,Y,N,D,1,0,0,0,22107.0,1,40.51224314,-123.99642844,3
2012,2012-12-13,2028,12,4,20,4,N,A,Y,A,H,D,D,23,W,08,E,,,,,I,Y,N,D,1,0,0,0,22107.0,1,40.90481246,-123.75796658,3
2012,2012-10-21,2016,10,3,20,7,N,B,Y,B,H,C,N,60,S,11,G,Y,,,,B,N,N,D,1,1,0,0,21954.0,2,40.76936251,-124.19153654,3
2012,2012-12-20,1815,12,4,18,4,N,B,Y,B,H,C,D,22,W,10,G,Y,,,,B,N,N,A,1,1,0,0,21950.0,2,40.80465575,-124.14833635,4
2012,2012-12-21,1748,12,4,17,5,Y,B,Y,A,H,C,D,22,,03,C,,,,,C,Y,N,A,1,0,0,0,22350.0,2,40.80194234,-124.16568411,4
2013,2013-01-05,1650,1,4,16,6,N,B,Y,B,H,B,D,22,E,08,E,,,,,I,Y,N,D,2,0,0,0,22107.0,1,,,3
2012,2012-12-30,1115,12,4,11,7,N,B,Y,C,H,A,D,22,S,08,E,,,,,I,Y,N,D,1,0,0,0,22107.0,1,41.42808514,-124.01326389,4
2012,2012-12-24,45,12,4,0,1,N,A,N,B,H,C,D,22,N,01,E,,,,,I,Y,M,D,1,0,0,0,23152.0,1,40.90155306,-124.07403265,3
2012,2012-12-31,2028,12,4,20,1,Y,B,N,A,H,C,-,- ,,12,D,,,,,C,Y,N,A,2,0,0,0,21453.0,2,40.80058502,-124.1634738,4
2012,2012-11-06,635,11,3,6,2,N,B,N,B,H,A,A,07,E,08,E,,,,,I,Y,N,D,1,0,0,0,22107.0,1,40.11076009,-123.8937825,3
2012,2012-12-11,2030,12,4,20,2,N,B,Y,B,H,D,A,01,S,03,C,,,,,C,Y,N,A,2,0,0,0,22350.0,2,40.5683863,-124.14848542,4
2012,2012-10-19,1948,10,3,19,5,N,B,Y,B,H,C,N,60,S,11,G,Y,,,,B,Y,N,D,1,1,0,0,21954.0,2,40.79482817,-124.17643937,2
2012,2012-10-21,1508,10,3,15,7,N,A,N,A,H,A,A,01,S,01,H,Y,,,,E,N,F,D,1,1,0,0,23152.0,5,40.8687709,-124.08697552,3
2012,2012-10-24,1149,10,3,11,3,Y,A,N,A,H,A,A,01,,10,G,Y,,,,B,N,N,D,1,1,0,0,21950.0,2,,,3
2012,2012-10-09,1211,10,3,12,2,N,A,N,A,H,A,-,- ,N,00,H,,Y,,,-,N,N,D,1,0,1,0,,1,40.88142854,-124.07947394,3
2012,2012-10-14,326,10,3,3,7,Y,A,N,A,H,C,A,08,,01,E,,,,,I,Y,N,D,1,0,0,0,23152.0,1,40.80219498,-124.15189375,4
2013,2013-01-15,321,1,4,3,2,N,A,Y,A,H,D,A,01,S,08,B,,,,,C,N,F,D,1,0,0,0,22107.0,2,40.9638741,-124.116155,3
2012,2012-12-06,1622,12,4,16,4,N,A,Y,A,H,A,A,07,S,08,E,,,,,I,Y,N,A,1,0,0,0,22107.0,1,40.26103424,-123.84606191,3
2012,2012-12-06,1850,12,4,18,4,N,A,Y,A,H,C,A,01,N,08,E,,,,,I,Y,N,D,2,0,0,0,22107.0,1,41.28732494,-124.0591805,3
2012,2012-12-07,1720,12,4,17,5,N,B,Y,A,H,C,L,04,N,08,B,,Y,,,G,N,N,D,1,0,1,0,22107.0,2,40.70912756,-124.2109921,3
2012,2012-12-13,845,12,4,8,4,N,A,Y,C,H,A,A,07,N,03,F,,,,,A,Y,N,D,1,0,0,0,22350.0,1,41.4246847,-124.00448041,3
2012,2012-11-29,2245,11,3,22,4,N,B,Y,B,C,D,A,01,N,03,C,,,,,C,N,N,D,2,0,0,0,22350.0,2,41.02166337,-123.64009964,4
2013,2013-01-12,2500,1,4,25,6,N,B,N,B,H,D,D,23,E,08,F,,,,,A,Y,N,D,1,0,0,0,22107.0,1,40.293975,-123.8356461,3
2012,2012-11-30,2040,11,3,20,5,N,B,Y,B,H,D,A,01,S,03,E,,,,,I,Y,N,D,1,0,0,0,22350.0,1,40.01360882,-123.79116482,3
2012,2012-11-30,1300,11,3,13,5,Y,B,N,B,H,A,A,07,,08,B,,Y,,,G,N,N,D,1,0,1,0,22107.0,2,40.78122496,-124.13973379,3
2012,2012-12-02,834,12,4,8,7,N,C,Y,B,F,A,A,01,S,03,E,,,,,I,Y,N,D,1,0,0,0,22350.0,1,40.44469324,-123.98761687,4
2012,2012-12-07,1715,12,4,17,5,N,A,Y,A,H,D,-,- ,S,18,H,,,,,H,Y,N,D,1,0,0,0,,1,40.71575467,-124.21548083,4
2012,2012-12-06,1120,12,4,11,4,N,A,N,A,H,A,D,22,S,03,C,,,,,C,Y,N,D,1,0,0,0,22350.0,2,40.79439299,-124.13607525,4
2013,2013-01-28,1726,1,4,17,1,N,B,Y,A,H,B,A,01,N,01,C,,,,,E,Y,N,D,3,0,0,0,23152.0,3,40.7897529,-124.1794137,3
2013,2013-01-19,1,1,4,0,6,N,B,N,B,H,D,D,22,N,08,E,,,,,I,Y,N,D,1,0,0,0,22107.0,1,40.7051849,-124.1563138,4
2013,2013-01-02,450,1,4,4,3,N,A,Y,A,H,A,D,22,E,08,F,,,,,A,Y,N,D,2,0,0,0,22107.0,1,40.918878,-123.7953574,2
2012,2012-12-06,750,12,4,7,4,Y,B,N,B,H,A,-,- ,,03,G,Y,,,,B,N,N,D,1,1,0,0,22350.0,2,40.944267,-124.1105715,2
2013,2013-01-09,1415,1,4,14,3,Y,B,Y,A,H,A,A,07,,07,B,,,,,C,Y,N,D,1,0,0,0,21658.0,2,40.7907772,-124.1788004,4
2013,2013-01-15,1205,1,4,12,2,Y,A,N,A,H,A,A,07,,12,D,,,,,C,Y,N,A,1,0,0,0,21453.0,2,40.7950449,-124.1610038,4
2013,2013-01-10,1814,1,4,18,4,N,C,N,B,H,C,L,04,W,17,B,,Y,,,G,N,N,D,1,0,1,0,21657.0,2,40.802146,-124.1521459,3
2013,2013-01-11,1323,1,4,13,5,N,B,Y,A,H,A,A,07,S,03,C,,,,,C,N,N,A,1,0,0,0,22350.0,2,40.80525,-124.1235006,4
2013,2013-01-25,2307,1,4,23,5,Y,B,N,B,H,C,D,22,,01,E,,,,,I,Y,N,D,2,0,0,0,23152.0,2,40.736988,-124.1478,3
2012,2012-11-23,1440,11,3,14,5,N,B,Y,A,H,A,A,01,N,01,E,,,,,I,Y,F,D,2,0,0,0,23152.0,1,40.79705294,-124.17517489,3
2012,2012-11-11,1813,11,3,18,7,N,A,N,A,H,C,A,01,W,10,G,Y,,,,B,N,N,D,1,1,0,0,21950.0,2,40.79146503,-124.1697747,3
2012,2012-11-29,755,11,3,7,4,N,C,Y,B,H,A,A,01,E,03,E,,,,,I,Y,N,D,2,0,0,0,22350.0,1,40.48756535,-123.96791916,4
2013,2013-02-10,110,2,4,1,7,N,A,Y,A,H,D,D,22,N,05,G,Y,,,,B,N,F,D,0,0,0,0,21460.0,2,41.3067691,-123.5281918,1
2013,2013-05-18,1610,5,1,16,6,N,A,Y,A,H,A,A,07,W,03,E,,,,,I,Y,N,D,4,0,0,0,22350.0,1,40.9031089,-123.7811014,1
2013,2013-06-26,2210,6,2,22,3,N,A,Y,A,H,D,A,01,E,08,E,,,,,I,Y,N,D,3,0,0,0,22107.0,1,40.4775502,-123.9327616,1
2013,2013-08-09,1617,8,2,16,5,Y,A,N,A,H,A,A,07,,09,D,,,Y,,C,Y,N,A,1,0,0,0,21802.0,2,40.5702049,-124.1267738,1
2013,2013-07-29,1136,7,2,11,1,N,B,Y,A,H,A,A,07,N,01,E,,,,,I,Y,N,A,0,0,0,0,23152.0,1,40.8935626,-124.0815138,1
2013,2013-08-31,1805,8,2,18,6,N,B,Y,A,H,A,C,02,S,08,E,,,Y,,I,Y,N,A,0,0,0,0,22107.0,1,41.1898552,-124.1095245,1
2013,2013-08-14,5,8,2,0,3,N,A,Y,A,H,D,-,- ,E,18,F,,,,,A,Y,N,D,2,0,0,0,,1,40.4752521,-123.7103778,1
2013,2013-10-31,1942,10,3,19,4,N,A,Y,A,H,D,A,01,E,08,A,,,,,C,Y,N,D,1,0,0,0,22107.0,2,40.9248751,-123.6899488,1
2013,2013-10-25,1350,10,3,13,5,N,A,Y,A,H,A,C,02,E,03,A,,,Y,,C,Y,N,A,1,0,0,0,22350.0,2,40.4620607,-123.8516333,1
2013,2013-10-24,455,10,3,4,4,N,A,Y,A,H,D,G,25,S,08,E,,,,Y,I,Y,N,D,0,0,0,0,22107.0,1,40.3620872,-123.9198389,1
2013,2013-11-24,319,11,3,3,7,N,A,Y,A,H,D,N,60,N,11,G,Y,,,,B,Y,F,D,1,0,0,0,21954.0,2,40.8887549,-124.0794507,1
2013,2013-09-29,1606,9,3,16,7,N,B,Y,B,H,A,A,01,E,01,A,,,,Y,C,Y,N,D,0,0,0,0,23152.0,3,40.5337528,-124.0443413,1
2013,2013-08-25,830,8,2,8,7,N,B,Y,B,H,A,D,22,E,03,E,,,,,I,Y,N,D,0,0,0,0,22350.0,1,40.4992827,-123.9884301,1
2013,2013-12-15,1930,12,4,19,7,N,A,N,C,H,D,A,07,N,03,F,,,,,A,Y,N,D,0,0,0,0,22350.0,1,40.3262373,-123.6651978,1
2013,2013-12-26,1858,12,4,18,4,N,A,Y,A,H,D,A,01,S,08,E,,,,,I,Y,N,D,2,0,0,0,22107.0,1,40.395206,-123.9353343,1
2014,2014-01-01,730,1,4,7,3,N,B,Y,A,H,A,-,- ,S,18,E,,,,,I,Y,N,D,0,0,0,0,,1,40.06114457,-123.78340839,1
2014,2014-01-03,1315,1,4,13,5,Y,A,Y,A,H,A,G,27,,09,A,,,,Y,C,Y,N,D,1,0,0,0,21801.0,2,40.27954074,-123.85336562,1
2013,2013-01-24,1420,1,4,14,4,N,A,N,A,H,A,D,22,E,01,D,,,,,C,Y,N,D,1,0,0,0,23152.0,2,40.7816842,-124.1715501,4
2013,2013-02-01,1110,2,4,11,5,N,A,Y,A,C,A,D,22,N,03,C,,,,,C,Y,N,D,1,0,0,0,22350.0,2,40.8810857,-124.0813776,4
2013,2013-01-14,1530,1,4,15,1,N,B,Y,A,H,A,D,22,S,03,B,,,,,E,Y,N,D,1,0,0,0,22350.0,4,40.782825,-124.1837766,3
2013,2013-02-03,1510,2,4,15,7,Y,B,N,A,H,A,L,04,,- ,D,,Y,,,G,N,N,A,1,0,1,0,,2,40.9395049,-124.1009438,3
2013,2013-02-12,1735,2,4,17,2,N,A,Y,A,H,A,D,22,W,08,F,,,,,A,Y,N,D,1,0,0,0,22107.0,1,40.9312313,-123.683846,4
2013,2013-01-29,1547,1,4,15,2,Y,A,N,A,H,A,D,22,,03,C,,,,,C,Y,N,D,1,0,0,0,22350.0,2,40.115375,-123.8142536,4
2013,2013-02-11,830,2,4,8,1,N,A,Y,B,B,A,D,22,N,03,E,,,,,I,N,N,D,1,0,0,0,22350.0,1,41.2255452,-123.6538838,3
2013,2013-02-18,1447,2,4,14,1,N,C,Y,B,H,A,D,22,S,08,E,,,,,I,Y,N,D,1,0,0,0,22107.0,1,41.0327016,-123.6668476,4
2012,2012-12-17,1107,12,4,11,1,Y,B,N,A,H,A,A,01,,09,D,,,,,C,Y,N,A,1,0,0,0,21802.0,2,40.79656495,-124.17404375,4
2013,2013-01-29,759,1,4,7,2,Y,A,N,B,H,A,D,23,,09,B,,,,,C,Y,N,A,1,0,0,0,21802.0,2,40.5899949,-124.1545337,4
2013,2013-03-06,1230,3,1,12,3,N,A,N,B,H,A,D,22,N,01,E,,,,,I,Y,N,D,1,0,0,0,23152.0,1,40.9568143,-124.1008539,3
2013,2013-01-19,1912,1,4,19,6,Y,E,N,A,H,D,A,01,,12,H,,,,,A,N,F,A,2,0,0,0,22450.0,2,40.800895,-124.1612438,4
2013,2013-03-04,1730,3,1,17,1,N,A,N,A,H,A,D,22,E,01,A,,,,,C,Y,N,D,2,0,0,0,23152.0,2,40.2900791,-123.8358464,2
2013,2013-02-25,1835,2,4,18,1,N,A,Y,A,H,D,D,22,E,08,E,,,,,I,Y,N,D,1,0,0,0,22107.0,1,40.5368756,-124.0586104,3
2012,2012-08-25,1808,8,2,18,6,Y,B,N,A,H,A,E,22,,03,G,Y,,,,B,,F,A,1,1,0,0,22350.0,2,40.59797498,-124.15449382,3
2012,2012-12-08,1629,12,4,16,6,Y,A,N,A,H,A,A,01,,12,D,,,,,C,Y,N,A,1,0,0,0,21453.0,2,40.80153497,-124.16256373,4
2012,2012-12-21,1359,12,4,13,5,N,B,Y,B,H,A,A,01,S,03,E,,,,,I,Y,N,D,1,0,0,0,22350.0,1,40.31805024,-123.92068325,3
2013,2013-01-10,1530,1,4,15,4,N,A,N,A,H,A,I,11,,11,G,Y,,,,B,N,N,A,1,1,0,0,21954.0,2,40.866005,-124.0779238,3
2013,2013-02-11,1643,2,4,16,1,N,A,N,A,H,A,L,04,E,12,D,,Y,,,G,N,N,A,1,0,1,0,22450.0,2,40.7942649,-124.1414366,3
2013,2013-02-06,918,2,4,9,3,N,B,Y,A,H,A,F,26,W,10,G,Y,,,Y,B,N,N,A,1,1,0,0,21950.0,2,40.7906451,-124.1788838,4
2013,2013-01-21,1557,1,4,15,1,Y,B,N,A,H,A,D,22,,12,D,,,,,C,Y,N,A,2,0,0,0,22450.0,4,40.7861649,-124.1687038,3
2013,2013-01-29,1529,1,4,15,2,N,A,N,A,H,A,A,01,W,08,D,,,,,C,Y,N,D,1,0,0,0,22103.0,2,40.7976244,-124.1484928,4
2013,2013-02-14,1730,2,4,17,4,N,A,N,A,H,B,D,22,S,01,E,,,,,I,Y,N,D,1,0,0,0,23152.0,1,40.9392502,-124.0227697,3
2013,2013-02-09,1810,2,4,18,6,N,A,N,A,H,B,D,22,E,09,A,,,Y,,C,N,N,D,1,0,0,1,21801.0,2,41.0550941,-123.672122,3
2013,2013-02-12,1409,2,4,14,2,N,A,Y,A,H,A,D,22,E,01,E,,,,,I,Y,N,D,1,0,0,0,23152.0,1,40.9168213,-123.6172076,3
2012,2012-12-09,1,12,4,0,7,N,A,Y,A,H,D,A,01,S,03,F,,,,,A,Y,N,D,1,0,0,0,22350.0,1,40.04936813,-123.79107664,3
2012,2012-12-10,120,12,4,1,1,N,A,N,A,H,D,A,01,S,08,D,,,,,C,Y,F,D,1,0,0,0,22103.0,2,40.88936956,-123.99878089,4
2012,2012-12-20,1045,12,4,10,4,N,C,Y,B,H,A,A,01,S,08,B,,,,,I,Y,N,D,1,0,0,0,22107.0,1,40.69745207,-124.20381948,4
2013,2013-02-22,1600,2,4,16,5,Y,B,N,A,H,A,C,02,,06,B,,,Y,,C,N,N,D,1,0,0,1,21750.0,3,40.576235,-124.2641938,4
2013,2013-02-15,1310,2,4,13,5,N,A,N,A,H,A,D,22,S,03,G,,,,,C,N,N,A,1,0,0,0,22350.0,2,40.9319624,-124.1008707,4
2013,2013-03-06,1549,3,1,15,3,N,B,N,B,H,A,A,01,E,08,A,,,,,C,Y,N,D,2,0,0,0,22107.0,2,41.0897458,-123.6951765,3
2012,2012-12-09,1817,12,4,18,7,N,A,Y,A,H,A,A,01,S,09,D,,Y,,,G,N,F,D,1,0,1,0,21804.0,2,40.78294344,-124.18368878,4
2012,2012-12-04,1300,12,4,13,2,N,B,N,B,H,A,-,- ,N,00,G,Y,,,,B,N,N,D,1,1,0,0,,2,40.8017231,-124.15591953,4
2012,2012-11-19,1150,11,3,11,1,N,B,Y,A,H,A,A,01,N,03,C,,,,,C,Y,N,A,1,0,0,0,22350.0,2,40.78453426,-124.1825294,4
2012,2012-11-26,1601,11,3,16,1,Y,B,Y,A,H,A,L,04,,09,D,,Y,,,G,N,N,A,1,0,1,0,21802.0,2,40.80140159,-124.16961499,4
2012,2012-11-05,1810,11,3,18,1,N,A,Y,A,H,C,N,60,N,11,G,Y,Y,,,B,N,N,D,1,1,0,0,21954.0,2,40.78963114,-124.17948604,3
2012,2012-11-22,624,11,3,6,4,N,B,N,B,H,A,A,01,W,01,E,,,,,I,Y,N,D,1,0,0,0,23152.0,1,40.75808732,-124.16929324,3
2012,2012-11-09,1350,11,3,13,5,Y,A,N,B,H,A,A,01,,10,G,Y,,,,B,N,N,A,1,1,0,0,21950.0,2,40.78051494,-124.17735376,3
2013,2013-03-11,500,3,1,5,1,N,A,Y,A,H,D,D,22,W,03,E,,,,,I,Y,N,D,1,0,0,0,22350.0,1,40.44375,-123.6664018,3
2012,2012-11-16,1440,11,3,14,5,N,B,Y,B,H,A,A,01,E,08,E,,,,,I,Y,N,D,1,0,0,0,22107.0,1,40.48609505,-123.90762535,3
2012,2012-11-16,44,11,3,0,5,N,B,Y,A,H,D,A,01,W,01,E,,,,,I,Y,N,D,1,0,0,0,23152.0,1,40.91324259,-123.61694856,4
2012,2012-11-16,2214,11,3,22,5,N,B,Y,B,H,C,A,01,N,03,C,,,,,C,Y,N,D,1,0,0,0,22350.0,2,40.73933131,-124.20713018,4
2013,2013-03-01,1242,3,1,12,5,N,A,N,A,H,A,D,22,E,08,E,,,,,I,Y,N,D,1,0,0,0,22107.0,1,40.94974573,-123.61424983,3
2012,2012-11-17,1035,11,3,10,6,Y,B,N,A,H,A,A,07,,12,D,,,,,C,Y,N,A,1,0,0,0,21453.0,2,40.80093498,-124.16688383,4
2012,2012-11-21,827,11,3,8,3,Y,B,N,A,H,A,A,01,,09,D,,,,,C,Y,N,A,1,0,0,0,21802.0,2,40.78979498,-124.16978373,4
2012,2012-11-02,1527,11,3,15,5,N,B,N,A,H,A,L,04,S,17,D,,Y,,,G,N,N,A,1,0,1,0,21657.0,2,40.78296954,-124.17311394,3
2013,2013-03-12,1042,3,1,10,2,N,A,Y,A,H,A,-,- ,S,18,E,,,,,I,Y,N,D,1,0,0,0,,1,40.6077787,-124.1855674,3
2013,2013-03-15,155,3,1,1,5,N,A,Y,A,H,D,E,22,N,08,E,,,,,I,Y,N,D,1,0,0,0,22107.0,1,41.1642473,-124.1077113,4
2013,2013-03-11,1000,3,1,10,1,N,A,N,A,H,A,D,22,S,01,C,,,,,E,Y,N,D,1,0,0,0,23152.0,3,40.10233329,-123.79479378,3
2013,2013-01-31,1150,1,4,11,4,N,A,Y,-,H,A,A,01,S,03,E,,,,,I,Y,N,D,1,0,0,0,22350.0,1,41.2056337,-124.1102241,4
2013,2013-02-07,1529,2,4,15,4,N,C,N,B,H,A,A,01,N,03,G,Y,,,,B,N,N,A,1,1,0,0,22350.0,2,40.8748804,-124.0902878,3
2013,2013-02-15,812,2,4,8,5,N,A,N,A,H,A,A,01,S,17,H,,Y,,,G,N,N,D,1,0,1,0,22517.0,2,40.86298525,-124.07707572,4
2013,2013-02-07,1405,2,4,14,4,Y,B,N,B,H,A,A,01,,09,D,,,,,C,Y,N,A,1,0,0,0,21801.0,2,40.780465,-124.1397137,4
2013,2013-01-18,1610,1,4,16,5,N,A,Y,A,H,A,A,07,E,01,C,,,,,E,Y,N,D,1,0,0,0,23152.0,2,40.9392545,-123.6310294,3
2013,2013-01-03,1211,1,4,12,4,Y,A,Y,A,H,A,A,07,,09,D,,,Y,,C,Y,N,A,1,0,0,1,21802.0,2,40.8022951,-124.1694038,2
2013,2013-01-07,1624,1,4,16,1,Y,C,N,B,H,A,-,- ,,12,A,,,,,C,Y,N,A,2,0,0,0,21453.0,2,40.800745,-124.1623737,4
2012,2012-10-12,243,10,3,2,5,Y,E,N,B,H,C,C,02,,- ,F,,,Y,,A,Y,N,A,1,0,0,1,,1,40.79148498,-124.17411383,2
2012,2012-10-30,1331,10,3,13,2,N,B,N,A,H,A,A,01,E,09,D,,,,,C,Y,N,D,1,0,0,0,21804.0,2,,,4
2012,2012-10-20,1739,10,3,17,6,Y,A,N,A,H,B,L,04,,08,C,,Y,,,G,N,N,D,1,0,1,0,22107.0,2,40.970185,-124.03929385,2
2012,2012-10-31,1149,10,3,11,3,Y,C,N,B,H,A,A,01,,09,D,,,,,C,Y,N,A,1,0,0,0,21802.0,2,40.79673496,-124.14822378,4
2012,2012-10-03,1524,10,3,15,3,Y,B,N,A,H,A,-,- ,,03,D,,,,,C,Y,N,A,2,0,0,0,22350.0,2,40.79040503,-124.15215376,3
2012,2012-10-25,2324,10,3,23,4,N,A,Y,A,H,D,A,01,N,03,E,,,,,I,Y,N,D,1,0,0,0,22350.0,1,,,4
2012,2012-10-16,820,10,3,8,2,N,B,Y,B,H,A,A,01,E,03,D,,,,,C,Y,N,A,3,0,0,0,22350.0,2,40.90807267,-123.73252302,3
2012,2012-10-28,1345,10,3,13,7,Y,A,N,A,H,A,A,01,,03,C,,,,,C,Y,N,D,2,0,0,0,22350.0,2,40.78950493,-124.13969381,4
2012,2012-10-27,57,10,3,0,6,N,A,Y,A,H,C,A,01,W,03,E,,,,,I,Y,N,A,1,0,0,0,22350.0,1,41.02109882,-123.64926728,2
2012,2012-10-30,1325,10,3,13,2,N,A,N,A,H,A,A,07,E,01,F,,,,,A,Y,N,D,1,0,0,0,23152.0,1,40.23218058,-123.84316027,4