ACCIDENT_YEAR,COLLISION_DATE,COLLISION_TIME,MONTH,SEASON,24HOURS,DAY_OF_WEEK,INTERSECTION,WEATHER_1,STATE_HWY_IND,ROAD_SURFACE,ROAD_COND_1,LIGHTING,STWD_VEHTYPE_AT_FAULT,CHP_VEHTYPE_AT_FAULT,DIRECTION,PCF_VIOL_CATEGORY,TYPE_OF_COLLISION,PEDESTRIAN_ACCIDENT,BICYCLE_ACCIDENT,MOTORCYCLE_ACCIDENT,TRUCK_ACCIDENT,MVIW,TOW_AWAY,HIT_AND_RUN,CONTROL_DEVICE,NUMBER_INJURED,COUNT_PED_INJURED,COUNT_BICYCLIST_INJURED,COUNT_MC_INJURED,PCF_VIOLATION,PARTY_COUNT,POINT_Y,POINT_X,COLLISION_SEVERITY
2016,2016-10-21,1425,10,3,14,5,N,B,Y,A,H,A,D,22,W,03,C,,,,,C,,N,A,1,0,0,0,22350.0,2,40.80469322,-124.15271695,4
2016,2016-11-08,856,11,3,8,2,Y,A,N,A,H,A,A,08,,09,D,,,Y,,C,Y,N,A,1,0,0,1,21802.0,2,40.80123997,-124.16469992,3
2016,2016-11-04,1513,11,3,15,5,N,A,N,A,H,A,N,60,S,11,G,Y,,,,B,N,F,D,1,1,0,0,21954.0,2,40.77747455,-124.16361053,3
2016,2016-10-26,1240,10,3,12,3,N,B,N,A,H,A,D,22,W,08,C,,,,,E,Y,N,D,1,0,0,0,22107.0,2,40.78611547,-124.15816333,3
2016,2016-11-02,1456,11,3,14,3,N,A,N,A,H,A,A,07,W,09,D,,,,,C,N,N,D,1,0,0,0,21801.0,2,40.7914802,-124.16975167,4
2016,2016-02-24,1455,2,4,14,3,N,A,Y,A,H,A,A,01,N,03,C,,,,,C,N,N,D,1,0,0,0,22350.0,2,40.79222658,-124.17802127,4
2016,2016-10-21,2137,10,3,21,5,N,A,Y,A,H,C,A,07,E,01,E,,,,,E,Y,N,A,1,0,0,0,23152.0,2,40.80295839,-124.16471192,4
2016,2016-11-16,1716,11,3,17,3,Y,A,N,A,H,C,D,22,,09,D,,Y,,,G,N,N,A,1,0,1,0,21801.0,2,40.80295994,-124.15309988,2
2016,2016-09-24,1117,9,3,11,6,N,A,N,A,H,A,A,01,W,11,G,Y,,,,B,N,F,D,1,1,0,0,21954.0,2,40.80274548,-124.17261826,4
2016,2016-10-31,1435,10,3,14,1,N,C,N,B,H,A,L,04,E,09,D,,Y,,,G,N,N,A,2,0,2,0,21802.0,3,40.78035,-124.15788194,4
2016,2016-11-07,1354,11,3,13,1,N,A,N,A,H,A,A,01,W,01,C,,,,,E,Y,N,D,2,0,0,0,23152.0,3,40.77757091,-124.17903195,4
2016,2016-11-06,1632,11,3,16,7,N,B,Y,A,H,A,A,07,W,04,C,,,,,C,N,N,D,1,0,0,0,21703.0,2,40.80338033,-124.15531578,4
2016,2016-10-28,1245,10,3,12,5,Y,B,N,A,H,A,A,07,,09,D,,,,,C,Y,N,A,3,0,0,0,21453.0,2,40.80058995,-124.16340994,3
2016,2016-02-24,1709,2,4,17,3,N,A,N,A,H,A,A,01,N,04,C,,,,,C,N,N,A,1,0,0,0,21703.0,2,40.86573251,-124.0869225,4
2016,2016-10-31,1933,10,3,19,1,N,C,Y,B,H,C,D,22,W,08,C,,,,,E,Y,N,D,1,0,0,0,22107.0,3,40.80318623,-124.15679463,2
2016,2016-08-10,128,8,2,1,3,N,B,N,A,H,C,A,01,N,08,E,,,,,I,Y,N,D,1,0,0,0,22107.0,1,40.77710904,-124.18288659,2
2016,2016-11-20,2336,11,3,23,7,N,B,N,B,H,C,A,01,N,12,D,,,,Y,C,Y,F,A,1,0,0,0,22450.0,5,40.79412471,-124.17188941,3
2016,2016-12-06,1301,12,4,13,2,N,B,N,B,H,-,D,22,W,03,C,,,,,C,Y,N,A,1,0,0,0,22350.0,2,40.78056,-124.18069175,4
2016,2016-12-08,1443,12,4,14,4,N,B,N,B,H,A,D,22,E,12,D,,,,,C,Y,N,A,2,0,0,0,22450.0,2,40.79068,-124.17718,4
2016,2016-11-21,2107,11,3,21,1,N,A,N,B,H,C,A,01,,10,G,Y,,,,B,N,F,A,1,1,0,0,21950.0,2,40.80034999,-124.17111987,2
2016,2016-10-19,2011,10,3,20,3,Y,A,N,A,H,C,A,01,,09,D,,,,,C,Y,N,A,2,0,0,0,21802.0,2,40.78612994,-124.1589699,4
2016,2016-09-24,932,9,3,9,6,Y,A,N,A,H,A,A,01,,09,D,,,,,C,N,N,A,1,0,0,0,21802.0,2,40.80234992,-124.15195994,4
2016,2016-10-08,1721,10,3,17,6,N,A,Y,A,H,A,A,07,,04,C,,,,,C,Y,N,A,2,0,0,0,21703.0,2,40.76445047,-124.19119001,4
2016,2016-10-28,1637,10,3,16,5,Y,A,N,A,H,A,A,01,,03,C,,,,,C,N,M,A,1,0,0,0,22350.0,2,40.78039991,-124.1480999,4
2016,2016-11-01,1605,11,3,16,2,N,A,N,A,H,A,N,60,N,11,G,Y,,,,B,N,N,D,1,1,0,0,21954.0,2,40.85763143,-124.06869221,3
2016,2016-11-06,1820,11,3,18,7,N,A,N,A,H,C,A,01,S,01,A,,,,,C,Y,N,D,2,0,0,0,23153.0,2,40.9046282,-124.08297436,2
2016,2016-11-28,637,11,3,6,1,Y,C,N,B,H,E,A,07,,09,D,,,,,C,Y,N,D,1,0,0,0,21804.0,2,40.87493999,-124.09028986,4
2016,2016-11-25,1851,11,3,18,5,Y,C,N,B,H,C,A,01,,08,E,,,,,I,N,N,D,2,0,0,0,22107.0,1,40.86775989,-124.07410997,3
2016,2016-11-15,1802,11,3,18,2,Y,A,N,A,H,C,A,01,,10,G,Y,,,,B,N,F,D,1,1,0,0,21950.0,2,40.88318995,-124.08019993,4
2016,2016-11-17,1613,11,3,16,4,Y,A,N,A,H,A,A,08,,10,G,Y,,,,B,N,N,D,1,1,0,0,21950.0,3,40.87225,-124.08558989,4
2016,2016-11-13,1809,11,3,18,7,N,A,N,A,H,C,A,01,S,05,A,,,,,C,Y,N,D,4,0,0,0,21650.0,2,40.88658726,-124.08880871,3
2016,2016-11-18,1253,11,3,12,5,N,B,Y,A,H,A,A,01,W,07,C,,,,,C,Y,N,D,1,0,0,0,21658.0,2,40.80170469,-124.17384082,4
2016,2016-12-21,1320,12,4,13,3,N,A,Y,A,H,A,D,22,S,03,C,,,,,C,Y,N,D,1,0,0,0,22350.0,2,40.78806695,-124.18044439,4
2016,2016-12-13,1107,12,4,11,2,Y,B,N,A,H,A,A,01,,09,D,,,,,C,Y,N,A,1,0,0,0,21802.0,2,40.80028992,-124.16561999,4
2016,2016-12-19,1229,12,4,12,1,Y,B,N,A,H,A,L,04,,12,D,,Y,,,G,N,N,A,1,0,1,0,22450.0,2,40.79148998,-124.17080999,3
2016,2016-12-14,1820,12,4,18,3,Y,C,N,B,H,C,A,01,,09,D,,Y,,,G,N,N,A,1,0,1,0,21802.0,2,40.79823995,-124.17400999,3
2016,2016-12-12,1516,12,4,15,1,Y,B,N,A,H,A,-,- ,,12,D,,Y,,,G,N,N,A,1,0,1,0,22450.0,2,40.78291989,-124.17196989,4
2016,2016-12-22,1459,12,4,14,4,Y,A,N,A,H,A,A,01,,12,D,,,,Y,C,Y,N,A,3,0,0,0,22450.0,2,40.77871996,-124.16248999,3
2016,2016-12-27,1201,12,4,12,2,N,A,Y,A,H,A,A,01,S,09,D,,,,,C,Y,N,D,1,0,0,0,21801.0,2,40.78284906,-124.18380825,4
2016,2016-12-22,1630,12,4,16,4,N,A,N,A,H,A,C,02,W,03,F,,,Y,,J,N,N,D,1,0,0,1,22350.0,1,40.79150542,-124.17458846,2
2016,2016-12-24,25,12,4,0,6,N,B,N,B,H,C,A,01,N,01,C,,,,,E,Y,N,D,1,0,0,0,23152.0,3,40.78399458,-124.18113414,3
2016,2016-11-29,1413,11,3,14,2,N,A,N,A,H,A,A,01,N,09,D,,,,,C,N,N,D,3,0,0,0,21804.0,2,40.78175707,-124.16355,4
2016,2016-10-24,813,10,3,8,1,N,C,N,B,H,A,A,01,S,10,G,Y,,,,B,N,F,A,1,1,0,0,21950.0,2,40.79139627,-124.16458,3
2016,2016-09-19,1600,9,3,16,1,N,A,N,A,H,A,A,01,W,10,G,Y,,,,B,N,F,A,2,2,0,0,21950.0,3,40.80302025,-124.14939806,4
2016,2016-12-14,2219,12,4,22,3,N,C,N,B,H,C,A,71,S,01,C,,,,,E,Y,N,D,1,0,0,0,23152.0,3,40.87295093,-124.08502883,3
2016,2016-12-21,1545,12,4,15,3,Y,A,N,A,H,A,A,01,,08,G,Y,,,,B,N,N,D,1,1,0,0,22107.0,2,40.86745995,-124.08739986,4
2016,2016-12-07,1643,12,4,16,3,N,C,N,B,H,D,A,01,E,08,E,,,,,I,Y,N,A,2,0,0,0,22107.0,1,40.8712,-124.077,4
2016,2016-12-21,1755,12,4,17,3,N,A,Y,A,H,C,C,03,S,03,C,,,Y,,C,Y,N,D,2,0,0,2,22350.0,2,40.78052211,-124.18551797,3
2017,2017-02-21,1027,2,4,10,2,Y,B,N,B,H,A,A,01,,09,D,,,,,C,Y,N,A,1,0,0,0,21802.0,2,40.80301998,-124.14937989,3
2017,2017-01-25,1331,1,4,13,3,Y,B,N,A,H,A,L,04,,05,D,,Y,,,G,N,N,A,1,0,1,0,21650.0,2,40.80034999,-124.17111987,3
2017,2017-03-03,1142,3,1,11,5,Y,A,N,A,H,A,C,02,,09,D,,,Y,,C,N,N,A,1,0,0,1,21802.0,2,40.79148,-124.16972986,4
2016,2016-12-26,1539,12,4,15,1,Y,B,N,A,H,A,A,01,,09,A,,,,,C,Y,N,D,5,0,0,0,21801.0,2,40.78543,-124.18025996,4
2017,2017-01-04,1546,1,4,15,3,Y,A,N,A,H,A,A,01,,09,A,,,Y,,C,Y,N,D,1,0,0,0,21801.0,2,40.78166,-124.16575988,2
2017,2017-01-09,1748,1,4,17,1,N,A,N,A,H,C,D,22,N,08,B,,,,,C,Y,N,A,1,0,0,0,22107.0,2,40.78049373,-124.17201977,4
2016,2016-12-28,1628,12,4,16,3,N,A,Y,A,H,A,A,08,E,03,C,,,,,C,Y,N,D,1,0,0,0,22350.0,3,40.80354397,-124.16055168,4
2016,2016-12-27,1408,12,4,14,2,N,A,N,A,H,A,D,72,E,03,C,,,,,C,N,N,A,1,0,0,0,22350.0,2,40.588578,-124.1466885,4
2016,2016-09-27,1545,9,3,15,2,N,A,N,A,H,A,A,01,S,05,B,,,,,C,Y,N,D,1,0,0,0,21650.0,2,40.57168714,-124.1271047,4
2016,2016-12-07,1644,12,4,16,3,N,C,N,B,H,B,-,,E,01,B,,,,,C,N,M,D,1,0,0,0,23152.0,2,40.59797864,-124.15539593,4
2016,2016-12-15,1709,12,4,17,4,-,-,N,-,-,-,N,60,,11,-,Y,,,,-,N,N,-,1,1,0,0,21954.0,2,40.58018994,-124.13029985,3
2016,2016-11-04,1535,11,3,15,5,Y,A,N,A,H,A,A,01,,07,C,,,,,C,Y,N,D,3,0,0,0,21658.0,2,40.58990989,-124.15447994,4
2016,2016-11-04,923,11,3,9,5,N,A,N,A,H,A,A,01,S,21,G,Y,,,,B,N,N,D,1,1,0,0,22106.0,2,40.56643988,-124.12663698,3
2016,2016-10-05,1349,10,3,13,3,Y,A,N,A,H,A,-,99,,03,C,,,,,C,N,F,D,1,0,0,0,22350.0,2,40.77609991,-124.16136999,4
2016,2016-10-17,1200,10,3,12,1,N,A,Y,A,H,A,A,07,E,21,C,,,,,C,N,N,A,1,0,0,0,22106.0,2,40.80467462,-124.14918447,4
2016,2016-10-19,1716,10,3,17,3,N,A,N,A,H,A,A,01,W,03,C,,,,,C,Y,N,A,1,0,0,0,22350.0,3,40.78048,-124.17093,4
2017,2017-01-31,2106,1,4,21,2,N,A,N,A,H,C,D,22,W,03,G,Y,,,,B,N,F,D,1,1,0,0,22350.0,2,40.78618757,-124.16728428,3
2017,2017-01-11,2053,1,4,20,3,N,C,Y,B,H,C,A,07,N,12,D,,,,,C,Y,N,A,1,0,0,0,21453.0,2,40.77641158,-124.19023926,3
2016,2016-10-31,1036,10,3,10,1,N,B,N,B,H,A,L,04,S,07,C,,Y,,,G,N,N,A,1,0,1,0,21658.0,2,40.5792809,-124.14668262,4
2016,2016-10-17,1842,10,3,18,1,N,B,N,B,H,B,A,07,S,09,D,,,,,C,Y,N,D,2,0,0,0,21804.0,2,40.5837136,-124.14668798,4
2016,2016-10-22,2138,10,3,21,6,N,A,N,A,H,D,-,- ,E,- ,G,Y,,,,B,N,N,D,1,1,0,0,,2,40.57020839,-124.13805913,4
2016,2016-12-09,1709,12,4,17,5,N,C,N,B,H,C,D,22,N,08,D,,,Y,,C,N,N,D,1,0,0,1,22107.0,2,40.79158039,-124.17607861,2
2017,2017-01-14,1758,1,4,17,6,N,A,N,A,H,C,A,01,N,08,B,,,,,E,Y,N,D,1,0,0,0,22107.0,2,40.79481571,-124.14816,4
2017,2017-01-25,2035,1,4,20,3,N,A,Y,A,H,C,A,01,S,03,C,,,,,C,Y,N,A,2,0,0,0,22350.0,2,40.78280761,-124.18367327,4
2017,2017-02-05,2220,2,4,22,7,Y,C,N,B,H,C,A,07,,12,D,,,,,C,Y,N,A,1,0,0,0,21453.0,2,40.78287989,-124.16465985,3
2017,2017-01-23,1045,1,4,10,1,Y,B,Y,B,H,A,A,01,,09,D,,,,,C,Y,N,D,3,0,0,0,21801.0,3,40.7753442,-124.19046546,3
2017,2017-01-20,2059,1,4,20,5,N,C,Y,B,H,C,A,01,S,10,G,Y,,,,B,N,N,A,1,1,0,0,21950.0,2,40.80467344,-124.14933629,4
2017,2017-01-23,1816,1,4,18,1,Y,B,Y,A,H,C,A,01,,09,D,,,,,C,Y,N,A,1,0,0,0,21801.0,2,40.79289753,-124.17762165,4
2016,2016-12-14,1652,12,4,16,3,N,C,N,B,H,C,A,07,W,12,D,,,,,C,Y,F,A,1,0,0,0,22450.0,2,40.80229624,-124.15712848,4
2016,2016-12-01,2209,12,4,22,4,N,B,Y,A,H,C,N,60,S,11,G,Y,,,,B,N,F,D,1,1,0,0,21954.0,2,40.79030068,-124.1791399,3
2017,2017-01-18,1338,1,4,13,3,Y,C,N,B,H,A,C,03,,03,D,,,Y,,C,N,N,D,1,0,0,1,22350.0,2,40.78690998,-124.13963988,4
2017,2017-01-09,2114,1,4,21,1,Y,C,N,B,H,C,A,01,,12,D,,,,,C,Y,N,A,3,0,0,0,21453.0,4,40.79507996,-124.16094998,4
2017,2017-01-16,1338,1,4,13,1,N,A,N,A,H,A,A,01,S,10,G,Y,,,,B,N,F,D,1,1,0,0,21950.0,2,40.80548627,-124.14933034,4
2017,2017-01-12,1616,1,4,16,4,Y,A,N,A,H,A,-,,,10,G,Y,,,,B,N,N,A,1,1,0,0,21950.0,2,40.79925999,-124.1730099,4
2017,2017-01-11,1931,1,4,19,3,N,C,N,B,H,C,A,01,E,12,D,,,,,C,Y,N,A,3,0,0,0,21453.0,2,40.78287964,-124.16462027,4
2016,2016-11-18,2214,11,3,22,5,N,C,Y,B,H,C,N,60,N,11,G,Y,,,,B,N,N,D,1,1,0,0,21954.0,2,40.79182369,-124.17810239,3
2016,2016-12-24,1833,12,4,18,6,N,A,Y,A,H,C,A,01,S,01,C,,,,,C,Y,N,D,1,0,0,0,23152.0,2,40.76459563,-124.19121931,3
2017,2017-01-18,1816,1,4,18,3,Y,C,N,B,H,B,D,22,,03,C,,,,,C,N,M,A,1,0,0,0,22350.0,2,40.87688992,-124.09097985,4
2017,2017-01-25,1345,1,4,13,3,N,B,N,A,H,A,A,01,W,03,C,,,,,C,N,N,D,1,0,0,0,22350.0,2,40.8788968,-124.0839136,4
2016,2016-11-27,430,11,3,4,7,N,C,N,B,H,C,D,72,E,08,E,,,,,I,Y,M,D,1,0,0,0,22107.0,1,40.867436,-124.08515413,3
2017,2017-01-16,1318,1,4,13,1,Y,A,N,A,H,A,A,01,,09,D,,,,,D,Y,N,D,2,0,0,0,21802.0,2,40.87381993,-124.08499995,4
2016,2016-12-20,1033,12,4,10,2,Y,B,N,B,H,A,A,01,,10,G,Y,,,,B,N,N,D,1,1,0,0,21950.0,2,40.85741997,-124.07184985,4
2017,2017-02-14,1701,2,4,17,2,Y,B,N,A,H,A,D,22,,09,D,,,,,C,Y,N,A,1,0,0,0,21802.0,2,40.79822996,-124.16963985,4
2017,2017-01-24,1431,1,4,14,2,N,B,Y,A,G,A,A,08,E,03,C,,,,,C,Y,N,D,2,0,0,0,22350.0,4,40.80480632,-124.1425874,4
2017,2017-01-10,1443,1,4,14,2,Y,B,Y,B,H,A,D,22,,12,D,,,,,C,Y,N,A,1,0,0,0,21453.0,2,40.79822378,-124.17504392,4
2017,2017-01-16,1418,1,4,14,1,N,A,N,A,H,A,D,22,S,10,G,Y,,,,B,N,N,A,1,1,0,0,21950.0,2,40.78289451,-124.16871982,3
2017,2017-01-26,1712,1,4,17,4,N,A,Y,A,H,A,A,07,S,09,D,,,,,C,N,N,D,1,0,0,0,21804.0,2,40.79624095,-124.17569739,4
2017,2017-02-12,1655,2,4,16,7,Y,A,N,A,H,A,A,01,,12,D,,,,,C,Y,N,A,1,0,0,0,21453.0,2,40.78055993,-124.18027988,3
2017,2017-02-08,1647,2,4,16,3,Y,B,N,B,H,A,A,07,,03,C,,,,,C,Y,F,A,1,0,0,0,22350.0,2,40.7914099,-124.16457996,4
2017,2017-02-03,728,2,4,7,5,N,B,N,B,H,A,N,60,W,11,G,Y,,,,B,N,N,D,1,1,0,0,21954.0,2,40.57018,-124.12683361,3
2017,2017-02-07,1935,2,4,19,2,N,A,N,A,H,C,A,08,,21,C,,,,,C,N,N,D,1,0,0,0,22106.0,2,40.58557677,-124.1467005,4
2017,2017-02-08,1429,2,4,14,3,N,C,N,B,H,A,A,01,W,03,C,,,,,C,N,N,D,1,0,0,0,22350.0,2,40.59812953,-124.15940247,4
2017,2017-02-15,1244,2,4,12,3,N,A,N,A,H,A,A,01,E,03,C,,,,,C,N,N,D,1,0,0,0,22350.0,2,40.59791667,-124.15212995,4
2017,2017-02-20,1348,2,4,13,1,N,C,Y,B,H,A,A,07,N,12,D,,,,,C,Y,F,A,2,0,0,0,21453.0,3,40.79981645,-124.17505386,3
2017,2017-02-17,1223,2,4,12,5,N,C,N,B,H,A,D,22,S,08,G,Y,,,,B,N,F,A,1,1,0,0,22107.0,2,40.79952333,-124.14815025,4
2017,2017-02-22,1627,2,4,16,3,N,A,N,A,H,A,A,01,W,09,D,,,,,C,Y,N,A,1,0,0,0,21802.0,2,40.79984408,-124.16885265,4
2017,2017-02-02,2059,2,4,20,4,N,C,N,B,H,C,N,60,S,11,G,Y,,,,B,N,N,D,1,1,0,0,21950.0,2,40.79677093,-124.16475117,4
2016,2016-11-22,1329,11,3,13,2,N,-,N,A,H,A,A,07,N,03,C,,,,,C,N,N,D,1,0,0,0,22350.0,3,40.7950352,-124.17632371,4
2017,2017-03-13,1101,3,1,11,1,Y,A,N,A,H,A,D,23,,09,D,,,,,C,Y,N,A,1,0,0,0,21802.0,2,40.79656993,-124.17183988,3
2017,2017-03-03,1345,3,1,13,5,N,A,N,A,H,A,D,22,W,09,A,,,,,C,Y,N,D,1,0,0,0,21801.0,2,40.77842,-124.17917088,4
2017,2017-02-20,1241,2,4,12,1,Y,C,N,B,H,A,-,,,11,G,,,,,B,N,N,D,1,0,0,0,21950.0,2,40.86984994,-124.0864899,3
2017,2017-03-05,1304,3,1,13,7,Y,B,N,A,H,A,D,22,,12,D,,,,,C,Y,N,A,3,0,0,0,21453.0,2,40.79437997,-124.16529996,3
2017,2017-03-21,1740,3,1,17,2,N,B,N,B,H,A,A,07,S,08,C,,,,,E,Y,N,D,2,0,0,0,22107.0,3,40.7857125,-124.16464539,4
2017,2017-03-09,1124,3,1,11,4,Y,B,N,A,H,A,A,01,,12,D,,,,,C,Y,N,A,3,0,0,0,21453.0,2,40.78284991,-124.16129989,3
2017,2017-02-18,1945,2,4,19,6,N,C,N,B,H,C,A,01,N,03,C,,,,,C,Y,N,D,3,0,0,0,22350.0,3,40.87939977,-124.09187581,4
2017,2017-02-13,1350,2,4,13,1,Y,B,N,A,H,A,A,01,,09,D,,,Y,,C,N,N,A,1,0,0,1,21802.0,2,40.78958991,-124.16459986,3
2017,2017-02-12,1933,2,4,19,7,N,A,N,A,H,C,A,01,E,09,D,,Y,,,G,N,N,A,1,0,1,0,21802.0,2,40.80000603,-124.16768738,4
2017,2017-02-10,558,2,4,5,5,Y,A,N,B,H,C,A,01,,22,B,,,,,C,Y,N,A,1,0,0,0,,2,40.86745995,-124.08739986,4
2017,2017-03-02,1248,3,1,12,4,Y,B,N,A,H,A,A,01,,21,D,,,Y,,C,Y,N,D,1,0,0,0,22106.0,2,40.78615996,-124.16463993,4
2017,2017-03-07,1730,3,1,17,2,N,B,N,A,H,A,A,01,S,09,D,,,,,C,Y,N,A,2,0,0,0,21802.0,2,40.77870255,-124.16136011,4
2017,2017-03-11,1803,3,1,18,6,N,A,Y,A,H,A,A,07,N,01,C,,,,,C,Y,M,D,2,0,0,0,23152.0,3,40.92721822,-124.11189353,4
2017,2017-04-07,114,4,1,1,5,Y,B,Y,B,H,C,A,01,,12,D,,,,,C,Y,N,A,2,0,0,0,21453.0,2,40.80467344,-124.14933629,3
2017,2017-03-10,1542,3,1,15,5,N,B,N,A,H,A,D,22,E,03,C,,,,,C,N,N,A,1,0,0,0,22350.0,3,40.7829066,-124.16927436,4
2016,2016-08-23,1302,8,2,13,2,Y,A,N,A,H,A,A,07,,09,D,,,,,C,Y,N,A,1,0,0,0,21801.0,2,40.80354,-124.16070991,3
2017,2017-02-09,2045,2,4,20,4,Y,A,N,A,H,D,N,60,,00,G,Y,,,,B,N,F,B,1,1,0,0,21954.0,2,40.8822299,-124.09148985,3
2017,2017-02-25,1710,2,4,17,6,N,A,Y,A,H,A,A,07,S,10,G,Y,,,,B,N,F,A,1,1,0,0,21950.0,2,40.80305681,-124.16400762,3
2017,2017-03-03,1404,3,1,14,5,N,B,N,A,H,A,D,22,W,08,E,,,,,I,Y,N,D,1,0,0,0,22107.0,1,40.78608067,-124.15240611,4
2017,2017-02-15,1550,2,4,15,3,N,B,N,B,H,A,-,- ,S,00,D,,Y,Y,,G,N,N,D,2,0,1,1,,2,40.78835563,-124.17503942,2
2017,2017-04-19,1230,4,1,12,3,N,B,N,A,H,A,A,01,S,09,D,,,,,C,Y,N,A,1,0,0,0,21802.0,2,40.79653157,-124.17184046,4
2017,2017-03-11,1046,3,1,10,6,N,A,Y,A,H,A,A,07,N,09,D,,,,,C,Y,N,D,1,0,0,0,21804.0,2,40.78324408,-124.18353044,4
2017,2017-03-31,1025,3,1,10,5,Y,A,N,A,H,A,A,01,,12,D,,,,,C,Y,N,A,2,0,0,0,21453.0,2,40.78039994,-124.14912999,4
2017,2017-03-07,2022,3,1,20,2,N,B,Y,B,H,C,F,26,W,07,C,,,,Y,C,Y,N,D,1,0,0,0,21658.0,2,40.80385303,-124.15038087,4
2017,2017-04-08,1556,4,1,15,6,N,B,N,A,H,A,A,01,E,03,C,,,,,C,Y,N,A,2,0,0,0,22350.0,3,40.80315089,-124.16287512,3
2017,2017-03-27,1142,3,1,11,1,Y,B,N,A,H,A,A,07,,12,D,,,,,C,Y,N,A,4,0,0,0,22450.0,2,40.78612994,-124.1589699,3
2017,2017-04-11,1329,4,1,13,2,N,B,N,A,H,A,A,01,E,08,D,,,,,C,Y,N,D,2,0,0,0,22100.0,2,40.78289921,-124.16864416,3
2017,2017-03-01,1315,3,1,13,3,Y,A,N,A,H,A,-,- ,,18,G,Y,,,,B,N,N,D,1,1,0,0,,2,40.87062995,-124.08619995,2
2017,2017-04-12,2349,4,1,23,3,Y,B,N,B,H,C,L,04,,17,D,,Y,,,G,N,N,A,1,0,1,0,21657.0,2,40.78055993,-124.18027988,3
2017,2017-03-09,1831,3,1,18,4,Y,B,N,B,H,B,A,01,,01,G,Y,,,,B,N,N,D,1,1,0,0,23152.0,2,40.90503988,-124.08113986,3
2017,2017-03-09,1300,3,1,13,4,N,B,N,A,H,A,A,01,W,03,C,,,,,C,N,N,D,1,0,0,0,22350.0,2,40.86580712,-124.09173324,4
2017,2017-04-12,2231,4,1,22,3,N,B,N,A,H,C,A,01,N,01,C,,,,,E,Y,N,D,1,0,0,0,23152.0,2,40.79748982,-124.16964,4
2017,2017-04-12,1513,4,1,15,3,N,C,Y,B,H,A,A,01,S,04,C,,,,,C,Y,N,D,1,0,0,0,21703.0,2,40.78140486,-124.18484044,3
2017,2017-02-23,1312,2,4,13,4,Y,B,N,A,H,A,A,01,,09,D,,,,,C,Y,N,A,3,0,0,0,21802.0,2,40.78621998,-124.17721988,4
2017,2017-04-20,1610,4,1,16,4,N,A,N,A,H,A,A,01,N,08,D,,,,,C,N,N,D,3,0,0,0,22107.0,2,40.79778513,-124.17401555,4
2017,2017-04-08,1414,4,1,14,6,Y,A,N,A,H,A,D,22,,09,D,,,,,C,Y,N,A,1,0,0,0,21802.0,3,40.7940899,-124.16970997,3
2017,2017-02-18,1814,2,4,18,6,Y,B,N,B,H,C,A,01,,09,D,,,,,C,Y,N,A,1,0,0,0,21802.0,2,40.78164997,-124.1646799,4
2017,2017-04-18,1927,4,1,19,2,Y,A,Y,A,H,B,A,07,,09,D,,,,,C,Y,F,A,1,0,0,0,21801.0,2,40.80469869,-124.15364249,4
2017,2017-04-18,658,4,1,6,2,N,B,Y,A,H,A,A,01,S,03,C,,,,,C,Y,N,A,1,0,0,0,22350.0,2,40.76930172,-124.19149037,4
2017,2017-04-14,1535,4,1,15,5,Y,B,N,A,H,A,A,07,,09,D,,,,,C,Y,N,A,3,0,0,0,21802.0,3,40.78609999,-124.15343987,3
2016,2016-11-27,1426,11,3,14,7,N,A,N,A,H,A,A,01,E,03,C,,,,,C,N,N,D,1,0,0,0,22350.0,2,40.80471,-124.15353354,4
2017,2017-05-01,1745,5,1,17,1,N,A,N,A,H,A,A,01,N,10,G,Y,,,,B,N,N,A,1,1,0,0,21950.0,2,40.78039098,-124.16134987,3
2017,2017-03-01,1545,3,1,15,3,N,A,N,A,H,A,A,08,E,08,B,,,,,E,Y,N,D,3,0,0,0,22107.0,2,40.79408278,-124.16841239,3
2017,2017-05-04,1636,5,1,16,4,Y,A,N,A,H,A,A,01,,01,D,,,,,C,Y,N,A,1,0,0,0,23152.0,2,40.78119997,-124.16356995,3
2017,2017-04-14,1340,4,1,13,5,N,A,N,A,H,A,A,01,W,03,C,,,,,C,Y,N,D,1,0,0,0,22350.0,3,40.78054,-124.1774717,4
2017,2017-04-27,1507,4,1,15,4,N,A,N,A,H,A,A,08,W,08,A,,,,,C,Y,N,D,3,0,0,0,22107.0,2,40.7592038,-124.16763034,4
2016,2016-12-22,1619,12,4,16,4,N,B,Y,A,H,A,F,21,S,03,C,,,,Y,C,Y,N,A,1,0,0,0,22350.0,3,40.7847226,-124.18229897,4
2017,2017-05-08,2002,5,1,20,1,N,A,N,A,H,B,N,60,E,11,G,Y,,,,B,N,N,D,1,1,0,0,21954.0,2,40.78054983,-124.17892194,3
2017,2017-05-08,1207,5,1,12,1,Y,A,N,A,H,A,A,07,,09,D,,,,,C,Y,N,A,1,0,0,0,21802.0,2,40.79410998,-124.17503,4
2017,2017-02-28,1636,2,4,16,2,N,A,N,A,H,A,A,07,W,03,C,,,,,C,Y,N,A,1,0,0,0,22350.0,2,40.78285,-124.16067928,4
2017,2017-04-21,1620,4,1,16,5,N,A,N,A,H,A,D,22,N,08,E,,,,,I,Y,N,D,1,0,0,0,22107.0,1,,,3
2017,2017-05-10,1413,5,1,14,3,N,A,Y,A,H,A,L,04,S,05,D,,Y,,,G,N,N,D,1,0,1,0,21650.0,2,40.77297421,-124.19095177,4
2017,2017-05-19,1129,5,1,11,5,N,A,N,A,H,A,C,02,S,08,A,,,Y,,I,Y,N,A,1,0,0,1,22107.0,1,40.79273273,-124.175,4