ACCIDENT_YEAR,COLLISION_DATE,COLLISION_TIME,MONTH,SEASON,24HOURS,DAY_OF_WEEK,INTERSECTION,WEATHER_1,STATE_HWY_IND,ROAD_SURFACE,ROAD_COND_1,LIGHTING,STWD_VEHTYPE_AT_FAULT,CHP_VEHTYPE_AT_FAULT,DIRECTION,PCF_VIOL_CATEGORY,TYPE_OF_COLLISION,PEDESTRIAN_ACCIDENT,BICYCLE_ACCIDENT,MOTORCYCLE_ACCIDENT,TRUCK_ACCIDENT,MVIW,TOW_AWAY,HIT_AND_RUN,CONTROL_DEVICE,NUMBER_INJURED,COUNT_PED_INJURED,COUNT_BICYCLIST_INJURED,COUNT_MC_INJURED,PCF_VIOLATION,PARTY_COUNT,POINT_Y,POINT_X,COLLISION_SEVERITY
2018,2018-07-25,1410,7,2,14,3,Y,A,Y,A,H,A,A,08,,09,D,,,,,C,Y,N,A,2,0,0,0,21802.0,2,40.834999084472656,-124.08180236816406,2
2018,2018-07-18,1610,7,2,16,3,N,A,Y,A,D,A,G,25,S,03,E,,,,Y,I,N,N,C,1,0,0,0,22350.0,2,41.19629669189453,-124.10999298095705,4
2018,2018-07-24,2210,7,2,22,2,N,A,Y,A,H,D,A,07,E,08,E,,,,,I,Y,N,D,1,0,0,0,22107.0,1,40.90846633911133,-123.78376007080078,3
2018,2018-07-28,1712,7,2,17,6,N,B,Y,A,H,A,-,- ,S,18,E,,,,,I,Y,N,D,1,0,0,0,,1,40.62950134277344,-124.21556854248048,4
2018,2018-07-15,1549,7,2,15,7,N,A,Y,A,H,A,A,07,W,08,E,,,,,I,Y,N,D,1,0,0,0,22107.0,1,40.93416976928711,-123.6740264892578,4
2018,2018-07-16,1910,7,2,19,1,N,A,Y,A,H,A,A,07,E,07,B,,,,,C,Y,N,D,1,0,0,0,21658.0,2,,,4
2018,2018-07-28,1453,7,2,14,6,N,A,Y,A,H,A,E,22,S,08,F,,,,,A,Y,N,D,1,0,0,0,22107.0,1,,,3
2018,2018-07-28,1227,7,2,12,6,N,A,Y,A,H,A,A,01,S,08,E,,,,,I,Y,N,D,1,0,0,0,22107.0,1,40.51249694824219,-124.12570190429688,4
2018,2018-07-29,1510,7,2,15,7,N,A,N,A,H,A,C,02,W,08,F,,,Y,,I,N,N,D,1,0,0,1,22107.0,1,40.90103149414063,-124.024169921875,3
2018,2018-07-30,5,7,2,0,1,N,B,Y,A,H,D,D,22,N,01,F,,,,,A,Y,N,D,1,0,0,0,23152.0,1,41.176300048828125,-124.10315704345705,3
2018,2018-07-28,1000,7,2,10,6,N,A,Y,A,H,A,A,07,S,08,F,,,,,I,Y,N,D,1,0,0,0,22107.0,1,41.14082717895508,-123.6823959350586,4
2018,2018-07-27,1407,7,2,14,5,N,A,N,A,H,A,A,01,N,03,C,,,,,C,Y,N,A,1,0,0,0,22350.0,2,40.79518508911133,-124.13661956787108,3
2018,2018-07-24,1525,7,2,15,2,N,A,N,A,H,A,F,25,S,05,A,,,,Y,C,Y,N,D,2,0,0,0,21650.0,2,40.7106819152832,-124.16176605224608,4
2018,2018-07-26,235,7,2,2,4,N,B,N,B,H,D,A,01,E,01,A,,,,,C,Y,N,A,2,0,0,0,23152.0,2,40.566791534423835,-124.19614410400392,3
2018,2018-07-25,1930,7,2,19,3,N,A,N,A,H,A,A,07,N,08,E,,,,,I,Y,N,D,1,0,0,0,22107.0,1,40.130027770996094,-123.81871032714844,4
2018,2018-07-26,1840,7,2,18,4,N,A,Y,A,H,A,D,22,W,08,E,,,,,I,Y,M,D,1,0,0,0,22107.0,1,40.94538497924805,-123.87996673583984,3
2018,2018-07-29,1045,7,2,10,7,N,A,N,A,H,A,A,07,W,03,E,,,,,I,Y,N,D,1,0,0,0,22350.0,1,40.229591369628906,-123.84851837158205,3
2018,2018-07-29,1550,7,2,15,7,N,A,Y,A,H,A,C,02,E,08,F,,,Y,,I,N,N,D,1,0,0,1,22107.0,1,40.930137634277344,-123.86027526855467,3
2018,2018-08-03,1322,8,2,13,5,N,A,N,A,H,A,A,07,S,03,C,,,,,A,N,N,D,1,0,0,0,22350.0,2,40.773216247558594,-124.1429443359375,4
2020,2020-03-10,1153,3,1,11,2,N,A,Y,A,H,A,A,01,W,08,E,,,,,J,Y,N,A,1,0,0,0,22107.0,1,40.86486053466797,-124.08689880371094,2
2018,2018-07-30,1510,7,2,15,1,N,A,N,A,H,A,-,- ,E,00,E,,,,,I,Y,N,D,3,0,0,0,,1,40.21807861328125,-123.5957489013672,2
2018,2018-08-03,1515,8,2,15,5,N,A,Y,A,H,A,A,07,E,03,C,,,,,C,N,F,D,2,0,0,0,22350.0,2,40.4772834777832,-123.94905853271484,4
2018,2018-08-09,1205,8,2,12,4,N,A,Y,A,H,A,A,01,W,08,F,,,,,I,Y,N,D,1,0,0,0,22107.0,1,40.49227142333984,-123.59748840332033,3
2018,2018-08-07,25,8,2,0,2,N,B,Y,A,H,C,A,01,S,08,E,,,,,I,Y,N,D,2,0,0,0,22107.0,1,,,2
2019,2019-12-12,1814,12,4,18,4,Y,C,N,B,H,C,D,22,,03,G,Y,,,,B,N,N,D,1,1,0,0,22350.0,2,40.88454818725586,-124.09007263183594,2
2018,2018-08-11,314,8,2,3,6,N,A,Y,A,H,D,A,01,S,01,E,,,,,I,Y,N,D,1,0,0,0,23152.0,1,41.028018951416016,-124.10738372802734,3
2019,2019-12-31,1327,12,4,13,2,-,A,N,A,H,A,D,22,,21,-,Y,,,,B,N,N,A,1,1,0,0,22106.0,2,40.885614,-124.089399,2
2020,2020-03-11,1611,3,1,16,3,Y,A,Y,A,H,A,L,04,,05,H,,Y,,,G,N,N,A,1,0,1,0,21650.0,2,40.78191757202149,-124.18447113037108,3
2019,2019-12-01,1630,12,4,16,7,Y,A,N,A,H,A,D,22,,08,G,Y,,,,B,N,M,D,1,1,0,0,22107.0,2,40.86587142944336,-124.08798980712892,2
2018,2018-08-11,1219,8,2,12,6,N,A,Y,A,H,A,A,08,N,03,C,,,,,C,Y,M,D,2,0,0,0,22350.0,4,41.258148193359375,-124.09525299072266,4
2018,2018-08-11,1111,8,2,11,6,N,A,Y,A,H,A,C,02,N,03,C,,,Y,,C,Y,N,D,1,0,0,1,22350.0,2,41.258148193359375,-124.09525299072266,2
2018,2018-04-26,2050,4,1,20,4,N,A,Y,A,H,C,-,- ,N,00,G,Y,,,,B,N,F,D,0,0,0,0,,2,40.91962432861328,-124.0957489013672,1
2018,2018-08-09,2120,8,2,21,4,N,A,Y,A,H,D,A,01,E,03,C,,,,,C,Y,F,D,1,0,0,0,22350.0,2,40.90668487548828,-123.80680084228516,4
2018,2018-08-14,1705,8,2,17,2,N,A,Y,A,H,A,A,07,S,03,C,,,,,C,Y,N,D,1,0,0,0,22350.0,2,40.51378631591797,-124.12804412841795,4
2018,2018-08-11,1315,8,2,13,6,Y,A,N,A,H,A,A,01,,03,C,,,,,C,Y,N,D,1,0,0,0,22350.0,2,40.11079025268555,-123.79457092285156,4
2018,2018-07-26,1845,7,2,18,4,N,A,Y,A,H,A,D,22,W,03,B,,,,,C,Y,F,D,2,0,0,0,22350.0,2,40.44444274902344,-123.6889419555664,3
2019,2019-12-11,1550,12,4,15,3,Y,C,N,B,H,A,A,01,,- ,G,Y,,,,B,N,F,A,1,1,0,0,,2,40.87435150146485,-124.08370208740234,3
2018,2018-08-19,607,8,2,6,7,N,A,Y,A,H,B,A,01,E,08,F,,,,,A,Y,N,D,1,0,0,0,22107.0,1,40.472110748291016,-123.7077407836914,3
2018,2018-08-18,1030,8,2,10,6,N,A,N,A,H,A,A,01,S,17,A,,,,,C,Y,N,D,1,0,0,0,21662.0,2,40.04452133178711,-123.64203643798828,3
2018,2018-08-19,2230,8,2,22,7,N,A,Y,A,H,D,A,01,S,08,E,,,,,I,Y,N,D,1,0,0,0,22107.0,1,40.30385208129882,-123.89393615722656,3
2018,2018-08-19,1859,8,2,18,7,N,A,N,A,H,A,C,02,S,08,E,,,Y,,I,Y,N,D,1,0,0,1,22107.0,1,41.07115173339844,-123.69493103027344,2
2018,2018-08-23,2318,8,2,23,4,N,A,Y,A,H,D,G,25,E,03,F,,,,Y,A,Y,N,D,1,0,0,0,22350.0,1,40.48590850830078,-123.7675552368164,3
2018,2018-07-23,1750,7,2,17,1,N,A,N,A,H,A,C,02,E,01,E,,,Y,,I,Y,N,D,0,0,0,0,23152.0,1,40.08903884887695,-123.93951416015624,1
2018,2018-08-22,935,8,2,9,3,N,A,N,A,H,A,D,22,E,08,E,,,,,I,Y,N,D,1,0,0,0,22107.0,1,40.03913879394531,-124.04605865478516,3
2018,2018-08-25,1820,8,2,18,6,N,A,N,A,H,A,A,07,E,01,F,,,,,A,Y,N,D,2,0,0,0,23152.0,1,41.157371520996094,-123.89131927490234,2
2020,2020-02-25,800,2,4,8,2,N,A,N,A,H,A,L,04,E,05,H,,Y,,,G,N,N,D,1,0,1,0,21650.0,2,40.78615188598633,-124.16347503662108,3
2018,2018-08-29,455,8,2,4,3,N,A,Y,A,H,D,-,- ,S,18,E,,,,,H,Y,N,D,1,0,0,0,,1,41.11880493164063,-124.15155792236328,3
2018,2018-08-30,125,8,2,1,4,N,A,Y,A,H,D,A,01,N,08,E,,,,,I,Y,N,D,1,0,0,0,22107.0,1,40.648319244384766,-124.21009826660156,4
2018,2018-08-29,212,8,2,2,3,N,A,Y,A,H,D,-,- ,S,18,E,,,,Y,H,Y,N,D,2,0,0,0,,2,40.63629913330078,-124.21221160888672,3
2018,2018-08-28,2040,8,2,20,2,N,A,Y,A,H,C,-,- ,S,18,E,,,,,H,Y,N,D,2,0,0,0,,2,40.639686584472656,-124.21052551269533,2
2018,2018-09-01,120,9,3,1,6,N,A,Y,A,H,D,A,07,W,01,F,,,,,I,Y,N,D,1,0,0,0,23152.0,1,,,3
2018,2018-07-01,15,7,2,0,7,N,A,N,A,H,D,F,26,W,01,E,,,,Y,I,Y,N,D,0,0,0,0,23152.0,1,40.10737228393555,-123.79360961914062,1
2018,2018-08-31,1040,8,2,10,5,N,A,N,A,H,A,L,04,N,05,D,,Y,,,G,N,N,D,1,0,1,0,21650.0,2,40.937870025634766,-124.10093688964844,4
2018,2018-09-01,2230,9,3,22,6,N,A,N,A,H,D,A,01,W,08,E,,,,,I,Y,N,D,1,0,0,0,22107.0,1,41.0247802734375,-123.66165161132812,2
2018,2018-09-01,910,9,3,9,6,N,A,Y,A,H,A,C,02,E,08,F,,,Y,,A,N,N,D,1,0,0,1,22107.0,1,40.90517425537109,-123.7392349243164,3
2018,2018-09-02,1552,9,3,15,7,N,A,Y,A,H,A,E,22,W,08,E,,,,,I,Y,N,D,1,0,0,0,22107.0,1,40.4869384765625,-123.90444946289062,3
2018,2018-09-02,1515,9,3,15,7,N,A,Y,A,H,A,C,02,W,03,E,,,Y,,I,Y,N,D,1,0,0,1,22350.0,1,40.925117492675774,-123.6891632080078,3
2018,2018-09-03,1853,9,3,18,1,N,A,Y,A,H,A,A,01,E,08,E,,,,,I,N,N,D,1,0,0,0,22107.0,1,40.51568984985352,-124.0195083618164,4
2018,2018-09-07,55,9,3,0,5,N,A,N,A,H,C,C,02,N,03,H,,,Y,,A,N,F,D,1,0,0,1,22350.0,1,40.766128540039055,-124.17552185058594,3
2018,2018-09-03,1855,9,3,18,1,N,A,N,A,H,A,A,01,S,01,E,,,,,I,Y,N,D,1,0,0,0,23152.0,1,40.7452392578125,-124.18080139160156,4
2018,2018-09-02,1800,9,3,18,7,N,A,N,A,H,A,D,22,E,08,E,,,,,I,Y,N,D,2,0,0,0,22107.0,1,40.19211959838867,-123.5897979736328,2
2018,2018-09-04,1415,9,3,14,2,N,A,N,A,H,A,D,22,E,09,B,,,,,C,Y,N,D,1,0,0,0,21804.0,2,40.126121520996094,-123.84530639648438,4
2018,2018-08-31,1918,8,2,19,5,N,A,Y,A,H,A,A,07,W,09,D,,,,,C,Y,N,A,1,0,0,0,21802.0,2,40.901893615722656,-123.78018951416016,4
2018,2018-09-06,417,9,3,4,4,N,B,Y,A,H,D,-,- ,N,18,H,,,,,H,Y,N,D,2,0,0,0,,1,40.47039794921875,-124.09748077392578,3
2018,2018-09-08,1015,9,3,10,6,N,A,Y,A,H,A,A,07,N,08,E,,,,,I,Y,N,D,2,0,0,0,22107.0,1,41.32537460327149,-124.03408050537108,3
2018,2018-09-13,1737,9,3,17,4,Y,A,Y,A,H,A,A,07,,03,C,,,,,C,Y,N,A,1,0,0,0,22350.0,3,,,4
2020,2020-01-27,1003,1,4,10,1,N,B,N,A,H,A,A,01,,09,D,,,,,C,N,N,D,1,0,0,0,21802.0,2,40.871089935302734,-124.08830261230467,3
2020,2020-01-01,40,1,4,0,3,Y,A,N,B,H,D,D,22,,03,C,,,,,E,N,N,D,1,0,0,0,22350.0,3,40.865570068359375,-124.07057189941406,3
2018,2018-09-14,2218,9,3,22,5,Y,A,N,A,H,D,L,04,,09,D,,Y,,,G,N,N,A,1,0,1,0,21802.0,2,40.620708,-124.210121,2
2018,2018-09-04,450,9,3,4,2,N,A,Y,A,H,D,D,22,S,08,E,,,,,I,Y,N,D,1,0,0,0,22107.0,1,40.70382690429688,-124.20963287353516,4
2018,2018-09-04,1645,9,3,16,2,N,A,N,A,H,A,C,02,S,03,F,,,Y,,A,Y,N,D,2,0,0,2,22350.0,1,41.40770721435546,-124.0024642944336,3
2018,2018-09-07,1250,9,3,12,5,N,A,Y,A,H,A,D,22,N,08,E,,,,,I,Y,N,D,1,0,0,0,22107.0,1,40.2675666809082,-123.87291717529295,2
2018,2018-09-10,743,9,3,7,1,Y,B,Y,A,H,A,A,01,,09,D,,,,,C,Y,N,D,1,0,0,0,21802.0,3,40.80575180053711,-124.12252044677734,3
2018,2018-09-13,2200,9,3,22,4,N,A,Y,A,H,D,A,07,S,01,B,,,,,C,N,M,D,1,0,0,0,23152.0,2,40.31568908691406,-123.91771697998048,4
2018,2018-09-12,1620,9,3,16,3,N,A,Y,A,H,A,L,04,S,03,C,,Y,,,E,N,N,D,1,0,1,0,22350.0,2,40.85530853271485,-124.08211517333984,2
2018,2018-09-13,1726,9,3,17,4,N,A,N,A,H,A,A,01,S,01,E,,,,,I,Y,N,D,1,0,0,0,23152.0,1,40.7835807800293,-124.09529876708984,4
2018,2018-09-19,750,9,3,7,3,Y,A,N,A,H,A,A,07,,09,D,,Y,,,G,N,F,D,1,0,1,0,21802.0,2,40.79566955566406,-124.13720703125,3
2018,2018-09-16,1430,9,3,14,7,N,A,Y,A,H,A,C,02,S,03,F,,,Y,,A,Y,N,D,1,0,0,1,22350.0,1,41.31673431396485,-124.04100799560548,2
2018,2018-09-14,1810,9,3,18,5,N,A,Y,A,H,A,A,01,S,03,C,,,,,C,Y,N,D,2,0,0,0,22350.0,3,40.824012756347656,-124.17359161376952,4
2018,2018-09-22,202,9,3,2,6,N,A,Y,A,H,C,A,01,N,01,E,,,,,J,Y,N,D,1,0,0,0,23152.0,1,40.747779846191406,-124.19769287109376,3
2018,2018-09-14,1749,9,3,17,5,N,A,Y,A,H,A,A,01,S,03,C,,,,,C,Y,N,D,1,0,0,0,22350.0,2,,,3
2018,2018-09-15,139,9,3,1,6,N,A,Y,A,H,D,D,22,E,01,F,,,,,A,Y,N,D,1,0,0,0,23152.0,1,40.92289352416992,-123.797119140625,2
2018,2018-09-12,1728,9,3,17,3,N,A,Y,A,H,A,A,01,N,03,C,,,,,C,Y,N,D,1,0,0,0,22350.0,2,40.8360710144043,-124.081787109375,4
2018,2018-09-24,1515,9,3,15,1,N,A,Y,A,H,A,A,07,S,01,B,,,,Y,C,Y,M,D,1,0,0,0,23152.0,2,41.34057235717773,-124.03385162353516,3
2018,2018-09-21,1501,9,3,15,5,N,A,N,A,H,A,C,02,W,17,A,,,Y,,C,Y,N,D,1,0,0,1,21662.0,2,41.242839813232415,-123.66442108154295,2
2020,2020-03-23,1448,3,1,14,1,N,A,N,A,H,A,-,,N,03,E,,,,,I,Y,N,D,1,0,0,0,22350.0,1,40.79082489013672,-124.14855194091795,3
2020,2020-03-18,1006,3,1,10,3,Y,A,N,A,H,A,A,01,,08,C,,,,,C,N,N,D,1,0,0,0,22100.0,2,40.78057861328125,-124.18348693847656,3
2020,2020-03-24,1657,3,1,16,2,Y,B,N,B,H,A,A,01,,09,D,,,,,C,N,N,A,1,0,0,0,21802.0,2,40.80229949951172,-124.15709686279295,3
2018,2018-09-20,1810,9,3,18,4,Y,A,N,A,H,A,M,46,,09,D,,,,,C,Y,N,A,1,0,0,0,21802.0,2,40.57461166381836,-124.20207214355467,3
2018,2018-09-22,2055,9,3,20,6,N,A,N,A,H,D,D,22,E,01,F,,,,,A,Y,N,D,1,0,0,0,23152.0,1,40.87003707885742,-123.95911407470705,3
2018,2018-09-29,1250,9,3,12,6,N,B,N,B,H,A,D,22,S,03,F,,,,,A,Y,N,D,1,0,0,0,22350.0,1,40.933868408203125,-124.11500549316406,4
2018,2018-09-30,1634,9,3,16,7,N,B,N,A,H,A,D,22,N,03,C,,,,,C,Y,N,D,3,0,0,0,22350.0,4,40.78697967529297,-124.108642578125,3
2020,2020-03-25,1637,3,1,16,3,N,A,N,A,H,A,A,01,E,00,A,,,,,C,Y,N,D,3,0,0,0,23153.0,2,40.803001403808594,-124.15830993652344,2
2018,2018-10-02,1557,10,3,15,2,N,B,Y,B,H,A,A,07,W,08,E,,,,,I,Y,N,D,1,0,0,0,22107.0,1,40.93032455444336,-123.68726348876952,3
2018,2018-09-25,1704,9,3,17,2,N,A,N,A,H,A,D,22,E,16,E,,,,,I,Y,N,D,1,0,0,0,24002.0,1,40.78777313232422,-124.07955169677734,3
2018,2018-09-25,1315,9,3,13,2,N,A,Y,A,C,A,A,01,S,03,C,,,,,C,Y,N,D,3,0,0,0,22350.0,3,41.05808639526367,-124.13137817382812,4
2018,2018-09-25,1133,9,3,11,2,N,A,N,A,H,A,A,01,E,03,C,,,,,C,Y,N,D,1,0,0,0,22350.0,2,40.81900405883789,-124.09210968017578,3
2020,2020-03-12,1439,3,1,14,4,N,A,N,A,H,A,A,01,W,08,D,,,,,C,N,N,D,1,0,0,0,22107.0,3,40.785957336425774,-124.1415557861328,3
2018,2018-09-26,1348,9,3,13,3,N,A,Y,A,H,A,E,22,S,08,F,,,,,A,Y,N,D,1,0,0,0,22107.0,1,40.53278350830078,-124.15053558349608,3
2018,2018-09-27,1925,9,3,19,4,N,B,Y,A,H,C,-,- ,N,18,H,,,,,H,Y,N,D,1,0,0,0,,1,40.88437271118164,-124.08055114746094,3
2018,2018-09-28,1950,9,3,19,5,N,B,Y,A,H,D,A,07,S,03,E,,,,,I,Y,N,D,1,0,0,0,22350.0,1,40.033935546875,-123.79313659667967,2
2018,2018-09-29,1810,9,3,18,6,N,C,N,B,H,A,A,07,N,08,E,,,,,I,Y,N,D,1,0,0,0,22107.0,1,40.62457275390625,-124.2117156982422,3
2018,2018-10-01,640,10,3,6,1,N,B,N,A,H,B,C,02,S,08,F,,,Y,,A,N,N,D,1,0,0,1,22107.0,1,40.0396842956543,-124.07672119140624,2
2018,2018-10-05,805,10,3,8,5,N,B,N,A,H,A,A,07,S,10,G,Y,,,,B,N,F,A,1,1,0,0,21950.0,2,40.946643829345696,-124.10101318359376,4
2018,2018-09-28,1600,9,3,16,5,N,A,Y,A,H,A,A,08,S,01,F,,,,,A,Y,N,D,1,0,0,0,23152.0,1,,,3
2018,2018-10-04,1310,10,3,13,4,N,A,N,A,H,A,A,01,E,08,E,,,,,I,Y,N,D,1,0,0,0,22107.0,1,,,4
2018,2018-10-05,1015,10,3,10,5,N,B,Y,A,H,A,A,01,E,08,E,,,,,I,Y,N,D,1,0,0,0,22107.0,1,40.94501495361328,-123.65597534179688,3
2018,2018-10-02,1535,10,3,15,2,Y,A,Y,A,H,A,A,01,,09,D,,,,,C,Y,N,D,1,0,0,0,21801.0,2,40.82028198242188,-124.0932159423828,3
2018,2018-10-10,1945,10,3,19,3,N,A,N,A,H,D,-,- ,N,18,E,,,Y,,H,Y,N,D,1,0,0,1,,2,40.80085754394531,-124.0879135131836,3
2018,2018-10-14,2355,10,3,23,7,N,A,Y,A,H,D,D,22,E,01,F,,,,,I,Y,N,D,1,0,0,0,23152.0,1,40.930931091308594,-123.68611145019533,3
2018,2018-10-11,45,10,3,0,4,N,A,N,A,H,C,A,01,S,01,E,,,,,E,Y,N,D,1,0,0,0,23152.0,2,40.736595153808594,-124.14804840087892,3
2018,2018-10-12,1730,10,3,17,5,N,A,Y,A,H,A,C,02,N,08,E,,,Y,,I,Y,N,D,1,0,0,1,22107.0,1,,,3
2019,2019-12-09,1744,12,4,17,1,Y,B,N,B,H,C,A,01,,08,E,,,,,I,Y,N,D,1,0,0,0,22107.0,1,40.794681549072266,-124.16316986083984,3
2018,2018-10-02,944,10,3,9,2,Y,B,N,A,H,A,-,- ,,08,D,,,Y,,C,Y,N,A,1,0,0,1,22101.0,2,40.93280029296875,-124.10090637207033,2
2018,2018-10-17,1250,10,3,12,3,Y,A,N,A,H,A,D,22,,10,G,Y,,,,B,N,N,A,1,1,0,0,21950.0,2,40.78050994873047,-124.13031768798828,4
2018,2018-09-23,1207,9,3,12,7,N,A,Y,A,H,A,A,07,N,01,E,,,Y,,I,Y,N,A,4,0,0,1,23152.0,3,,,2
2018,2018-10-13,305,10,3,3,6,N,A,Y,A,H,D,A,01,N,01,F,,,,,I,Y,N,D,1,0,0,0,23152.0,1,41.039257049560554,-123.67178344726562,2
2018,2018-10-20,1728,10,3,17,6,N,B,Y,A,H,A,D,22,W,05,A,,,,,C,Y,N,D,1,0,0,0,21460.0,2,40.46194076538086,-123.8510971069336,4
2018,2018-10-21,1849,10,3,18,7,N,B,Y,A,H,D,D,22,E,01,F,,,,,A,Y,N,D,1,0,0,0,23152.0,1,40.49164581298828,-123.9692153930664,3
2018,2018-10-15,1630,10,3,16,1,N,A,N,A,H,A,D,22,N,16,G,Y,,,,B,N,F,D,1,1,0,0,24002.0,2,40.11106491088867,-123.79456329345705,3
2018,2018-10-20,1400,10,3,14,6,N,A,Y,A,H,A,D,22,E,08,E,,,,,I,Y,N,D,1,0,0,0,22107.0,1,41.18903350830078,-123.6798095703125,2
2018,2018-10-23,211,10,3,2,2,N,A,Y,A,H,D,A,01,S,01,F,,,,,A,Y,N,D,1,0,0,0,23152.0,1,40.92816162109375,-124.11246490478516,3
2018,2018-10-23,1219,10,3,12,2,N,B,N,A,H,A,-,- ,W,18,E,,,,,I,Y,N,D,1,0,0,0,,2,40.74064254760742,-124.14769744873048,4
2018,2018-10-21,120,10,3,1,7,N,E,N,B,H,D,D,22,N,01,E,,,,,I,Y,N,D,1,0,0,0,23152.0,1,40.54799270629882,-124.16387176513672,4
2018,2018-10-26,1444,10,3,14,5,N,A,N,A,H,A,C,02,W,08,F,,,Y,,A,N,N,D,1,0,0,1,22107.0,1,40.92340850830078,-124.08167266845705,3
2018,2018-11-05,325,11,3,3,1,N,B,Y,A,H,D,D,22,S,03,E,,,,,H,Y,N,D,1,0,0,0,22350.0,1,40.699684143066406,-124.20523834228516,3
2018,2018-10-26,1602,10,3,16,5,N,A,N,A,H,A,A,01,E,09,D,,,Y,,C,N,N,D,1,0,0,1,21804.0,2,40.734371185302734,-124.16094207763672,3
2018,2018-10-27,851,10,3,8,6,N,B,Y,A,H,A,C,02,N,03,F,,,Y,,A,Y,N,D,1,0,0,1,22350.0,1,,,2
2018,2018-10-26,750,10,3,7,5,Y,A,Y,A,H,A,A,07,,09,D,,,,,C,Y,N,A,2,0,0,0,21802.0,2,40.86822509765625,-124.10594940185548,4
2018,2018-10-31,1730,10,3,17,3,N,A,Y,A,H,A,D,22,N,01,E,,,,,I,Y,N,D,1,0,0,0,23152.0,1,40.081031799316406,-123.79059600830078,3
2018,2018-10-31,105,10,3,1,3,N,A,N,A,H,C,D,22,N,01,D,,,,,E,Y,N,D,1,0,0,0,23152.0,2,40.09807968139648,-123.79505920410156,3
2018,2018-10-31,2017,10,3,20,3,Y,A,N,A,H,D,A,07,,09,D,,,,,C,Y,N,B,1,0,0,0,21802.0,2,41.08364868164063,-123.69226837158205,3
2018,2018-11-01,655,11,3,6,4,N,A,N,A,H,D,D,22,W,01,E,,,,,I,Y,N,D,1,0,0,0,23152.0,1,40.104934692382805,-123.92498016357422,2
2018,2018-11-03,1200,11,3,12,6,N,A,N,A,H,A,A,07,E,21,G,Y,,,,A,N,N,D,1,1,0,0,22106.0,2,40.85184860229492,-124.16525268554688,3
2018,2018-11-05,847,11,3,8,1,N,A,Y,A,D,A,D,22,N,03,C,,,,,C,Y,N,A,1,0,0,0,22350.0,2,40.60595703125,-124.18121337890624,4
2018,2018-11-05,1630,11,3,16,1,N,A,N,A,H,A,-,- ,S,00,G,Y,,,,B,N,F,D,1,1,0,0,,2,41.30221557617188,-123.53289794921876,2
2018,2018-11-12,1125,11,3,11,1,Y,A,Y,A,H,A,D,22,,08,B,,,,,C,Y,N,D,1,0,0,0,22107.0,2,40.5195541381836,-124.14282989501952,4
2018,2018-11-12,2000,11,3,20,1,N,A,N,A,H,D,A,01,E,08,F,,,,,A,Y,N,D,2,0,0,0,22107.0,1,40.109352111816406,-123.71651458740234,3
2018,2018-11-12,2213,11,3,22,1,N,A,Y,A,H,D,A,07,S,07,B,,,,,C,N,N,D,1,0,0,0,21658.0,2,40.73548889160156,-124.2109375,4
2018,2018-11-18,1555,11,3,15,7,N,A,Y,A,H,A,A,01,S,08,E,,,,,I,Y,N,D,2,0,0,0,22107.0,1,,,3
2018,2018-11-07,1342,11,3,13,3,Y,A,Y,A,H,A,A,01,,03,C,,,,,C,Y,N,D,3,0,0,0,22350.0,3,40.59969711303711,-124.21405029296876,3
2018,2018-11-18,1800,11,3,18,7,N,A,Y,A,H,D,D,23,W,08,E,,,,,I,Y,N,D,2,0,0,0,22107.0,1,40.47159576416016,-123.87329864501952,4
2018,2018-11-19,1300,11,3,13,1,N,A,N,A,H,A,D,22,E,05,D,,,,,C,N,N,D,1,0,0,0,21650.0,2,40.071601867675774,-123.78570556640624,3
2018,2018-11-17,2130,11,3,21,6,N,B,Y,A,H,D,D,22,S,21,H,,,,,A,N,F,D,1,0,0,0,22106.0,1,40.63509368896485,-124.21276092529295,3
2018,2018-11-19,1038,11,3,10,1,N,A,Y,A,H,A,A,07,N,08,E,,,,,I,Y,N,D,4,0,0,0,22107.0,1,,,3
2018,2018-11-16,944,11,3,9,5,Y,A,N,A,H,A,A,01,,09,D,,,,,C,Y,N,D,1,0,0,0,21800.0,2,40.72441101074219,-124.20572662353516,4
2018,2018-11-20,1150,11,3,11,2,N,A,Y,A,H,A,A,01,S,03,C,,,,,C,Y,N,D,1,0,0,0,22350.0,2,40.516159057617195,-124.13385772705078,3