ACCIDENT_YEAR,COLLISION_DATE,COLLISION_TIME,MONTH,SEASON,24HOURS,DAY_OF_WEEK,INTERSECTION,WEATHER_1,STATE_HWY_IND,ROAD_SURFACE,ROAD_COND_1,LIGHTING,STWD_VEHTYPE_AT_FAULT,CHP_VEHTYPE_AT_FAULT,DIRECTION,PCF_VIOL_CATEGORY,TYPE_OF_COLLISION,PEDESTRIAN_ACCIDENT,BICYCLE_ACCIDENT,MOTORCYCLE_ACCIDENT,TRUCK_ACCIDENT,MVIW,TOW_AWAY,HIT_AND_RUN,CONTROL_DEVICE,NUMBER_INJURED,COUNT_PED_INJURED,COUNT_BICYCLIST_INJURED,COUNT_MC_INJURED,PCF_VIOLATION,PARTY_COUNT,POINT_Y,POINT_X,COLLISION_SEVERITY
2019,2019-04-25,2003,4,1,20,4,N,A,N,A,E,B,A,07,N,01,E,,,,,I,Y,N,D,3,0,0,0,23152.0,1,40.50618362426758,-124.1305694580078,4
2019,2019-04-30,1405,4,1,14,2,N,A,Y,A,G,A,A,01,S,07,B,,,,,C,Y,N,A,1,0,0,0,21658.0,2,40.8028564453125,-124.16567230224608,4
2019,2019-05-03,2347,5,1,23,5,N,A,Y,A,H,D,A,07,N,08,E,,,,,I,Y,N,D,1,0,0,0,22107.0,1,40.508148193359375,-124.11833190917967,3
2019,2019-05-01,1615,5,1,16,3,N,A,Y,A,H,A,G,25,E,08,F,,,,Y,A,Y,N,D,1,0,0,0,22107.0,1,40.48834991455078,-124.09893035888672,3
2019,2019-05-01,1635,5,1,16,3,N,A,Y,A,H,A,A,01,S,08,E,,,,,I,Y,N,D,1,0,0,0,22107.0,1,40.620338439941406,-124.20584869384766,2
2019,2019-01-22,623,1,4,6,2,N,B,Y,B,H,C,N,60,N,11,G,Y,,,,B,Y,N,D,0,0,0,0,21954.0,6,40.74840927124024,-124.19579315185548,1
2019,2019-05-14,540,5,1,5,2,N,A,Y,A,H,D,-,- ,S,18,H,,,,,H,Y,N,D,1,0,0,0,,1,41.22264099121094,-124.09431457519533,4
2019,2019-05-03,100,5,1,1,5,N,A,N,A,H,D,D,22,N,08,A,,,,,I,Y,M,D,1,0,0,0,22107.0,1,40.798316955566406,-124.08798980712892,3
2019,2019-05-05,1833,5,1,18,7,N,A,N,A,H,A,A,08,N,08,E,,,,,I,Y,N,D,1,0,0,0,22107.0,1,41.02455520629882,-123.66062927246094,3
2019,2019-05-07,2130,5,1,21,2,N,A,N,A,H,D,D,22,E,08,F,,,,,A,Y,N,D,1,0,0,0,22107.0,1,40.022979736328125,-123.62843322753906,3
2019,2019-05-16,955,5,1,9,4,N,B,N,B,H,A,A,07,W,08,E,,,,,I,Y,N,D,1,0,0,0,22107.0,1,40.90167617797852,-124.03409576416016,3
2019,2019-05-08,223,5,1,2,3,N,A,Y,A,H,D,A,01,E,08,E,,,,,I,Y,N,D,1,0,0,0,22107.0,1,40.897071838378906,-123.93125915527344,4
2019,2019-05-13,1810,5,1,18,1,N,A,N,A,H,A,A,01,S,01,B,,,,,E,Y,N,D,1,0,0,0,23152.0,4,40.763973236083984,-124.1455078125,3
2019,2019-05-19,1255,5,1,12,7,Y,A,N,A,H,A,A,07,,12,D,,,,,C,Y,N,A,1,0,0,0,22450.0,2,40.95623016357422,-124.11038208007812,4
2019,2019-03-24,2130,3,1,21,7,N,A,Y,A,H,E,-,- ,S,00,E,,,,,I,Y,M,D,1,0,0,0,,1,40.86833953857422,-124.13524627685548,4
2019,2019-05-18,1815,5,1,18,6,N,B,N,B,H,A,A,07,N,01,A,,,,,C,Y,N,D,6,0,0,0,23152.0,2,40.62424087524414,-124.211669921875,2
2019,2019-05-18,140,5,1,1,6,N,A,Y,A,H,D,D,22,S,01,E,,,,,I,Y,N,D,1,0,0,0,23152.0,1,41.30556869506836,-124.04468536376952,2
2019,2019-05-17,2500,5,1,25,5,N,A,Y,A,H,D,-,- ,N,00,F,,,,,A,N,N,D,1,0,0,0,,1,41.275821685791016,-123.8115234375,4
2019,2019-05-19,1616,5,1,16,7,N,A,N,A,H,A,A,07,N,09,D,,,,,C,Y,N,D,1,0,0,0,21801.0,2,40.98934173583984,-124.11021423339844,4
2019,2019-05-21,1004,5,1,10,2,N,B,Y,B,H,A,-,- ,W,18,E,,,,,I,Y,N,D,1,0,0,0,,1,40.472026824951165,-123.87149810791016,2
2019,2019-05-22,1415,5,1,14,3,N,A,N,A,H,A,C,02,S,03,F,,,Y,,A,N,N,D,1,0,0,1,22350.0,1,40.965030670166016,-124.11642456054688,2
2019,2019-05-23,535,5,1,5,4,N,A,Y,A,H,D,-,- ,S,18,H,,,,,H,Y,N,D,2,0,0,0,,1,41.2200584411621,-124.09825897216795,4
2019,2019-05-26,520,5,1,5,7,N,C,Y,B,H,D,-,- ,S,18,H,,,,,H,N,N,D,1,0,0,0,,1,41.42481231689453,-124.00473022460938,4
2019,2019-05-15,1520,5,1,15,3,N,C,Y,B,H,A,A,01,W,08,E,,,,,I,Y,N,D,1,0,0,0,22107.0,1,40.46310424804688,-123.85420989990234,4
2019,2019-05-05,2200,5,1,22,7,N,A,N,A,H,D,-,- ,E,18,C,,,,Y,E,Y,N,D,1,0,0,0,,2,40.70582962036133,-124.20967864990234,3
2019,2019-05-24,2005,5,1,20,5,N,A,N,A,H,B,-,- ,N,00,E,,,,,A,N,N,D,1,0,0,0,,1,40.96540069580078,-124.1065673828125,2
2019,2019-05-30,1630,5,1,16,4,N,A,N,A,H,A,-,- ,N,18,G,Y,,,,A,N,N,D,1,1,0,0,,2,41.064010620117195,-123.67627716064452,3
2019,2019-05-25,1902,5,1,19,6,N,B,N,B,B,A,C,02,N,03,E,,,Y,,J,N,N,D,1,0,0,1,22350.0,1,40.231422424316406,-124.1147003173828,2
2019,2019-06-01,1545,6,2,15,6,N,A,Y,A,H,A,A,01,E,05,A,,,,,C,Y,N,D,3,0,0,0,21650.0,2,40.465984344482415,-123.8391571044922,2
2019,2019-06-01,1340,6,2,13,6,N,A,Y,A,H,A,C,02,N,03,F,,,Y,,A,N,N,D,1,0,0,1,22350.0,1,,,2
2019,2019-05-31,1330,5,1,13,5,N,B,Y,A,H,A,D,22,N,01,E,,,,,I,Y,N,D,1,0,0,0,23152.0,1,40.64204025268555,-124.20867156982422,2
2019,2019-06-01,1915,6,2,19,6,Y,A,N,A,H,A,A,01,,09,D,,,,,C,Y,N,D,2,0,0,0,21802.0,2,40.04029846191406,-124.06169891357422,3
2019,2019-06-11,935,6,2,9,2,N,A,N,A,D,A,A,07,N,03,C,,,,,C,N,N,A,1,0,0,0,22350.0,2,40.09933090209961,-123.79499053955078,4
2020,2020-05-06,1637,5,1,16,3,Y,A,N,A,H,A,D,72,,12,D,,,,,C,N,N,A,1,0,0,0,21453.0,2,40.780399322509766,-124.14913177490234,4
2019,2019-06-07,2200,6,2,22,5,N,A,N,A,H,D,A,01,S,08,G,Y,,,,B,N,F,D,1,1,0,0,22107.0,2,41.08345413208008,-123.6920166015625,3
2019,2019-06-07,905,6,2,9,5,N,A,Y,A,H,A,A,07,E,16,F,,,,,A,Y,N,D,2,0,0,0,24002.0,1,40.478618621826165,-123.77291107177734,3
2019,2019-06-08,1430,6,2,14,6,N,A,N,A,B,A,C,06,S,08,E,,,Y,,I,N,N,D,5,0,0,5,22107.0,1,40.91636657714844,-123.80189514160156,4
2019,2019-06-14,1641,6,2,16,5,N,A,N,A,H,A,D,22,W,08,E,,,,,I,Y,N,D,1,0,0,0,22107.0,1,40.1226692199707,-123.65485382080078,3
2020,2020-05-08,1111,5,1,11,5,N,A,N,A,H,A,A,71,E,08,D,,,,,C,N,F,A,1,0,0,0,22107.0,3,40.78042602539063,-124.16349029541016,4
2019,2019-06-10,325,6,2,3,1,N,A,N,A,H,C,C,02,N,03,E,,,Y,,I,Y,N,D,1,0,0,1,22350.0,1,40.58201217651367,-124.15460968017578,4
2019,2019-06-11,1305,6,2,13,2,N,A,N,A,H,A,A,01,S,08,E,,,,,I,Y,N,D,1,0,0,0,22107.0,1,40.84710311889648,-124.1663055419922,2
2019,2019-05-09,2500,5,1,25,4,N,A,Y,A,H,A,A,07,S,08,E,,,,,I,Y,N,D,1,0,0,0,22107.0,1,41.31391143798828,-124.04302215576172,4
2019,2019-06-12,945,6,2,9,3,N,A,Y,A,H,A,A,01,E,08,C,,,Y,,C,Y,N,D,2,0,0,1,22107.0,2,40.90687942504882,-124.07306671142578,3
2019,2019-06-11,1130,6,2,11,2,Y,A,N,A,H,A,C,02,,08,F,,,Y,,A,N,N,D,1,0,0,1,22107.0,1,40.5523796081543,-124.11959838867188,3
2019,2019-06-16,53,6,2,0,7,N,A,N,A,H,D,A,01,E,01,E,,,,,I,Y,N,D,1,0,0,0,23152.0,1,40.282180786132805,-123.8463134765625,3
2019,2019-06-15,1740,6,2,17,6,N,A,N,A,H,A,C,02,S,08,F,,,Y,,A,N,N,D,1,0,0,1,22107.0,2,40.26391220092773,-123.87410736083984,2
2019,2019-06-22,1335,6,2,13,6,N,A,N,A,H,A,A,01,N,09,D,,,,,C,Y,N,D,1,0,0,0,21804.0,2,40.9269905090332,-124.10088348388672,4
2019,2019-06-19,35,6,2,0,3,N,A,Y,A,H,D,A,07,E,01,E,,,,,I,Y,N,D,1,0,0,0,23152.0,1,40.9095573425293,-124.05331420898438,3
2019,2019-06-19,1130,6,2,11,3,N,A,N,A,A,A,L,04,S,22,F,,Y,,,A,Y,N,D,1,0,1,0,,1,40.929153442382805,-124.12019348144533,2
2019,2019-06-24,1710,6,2,17,1,N,A,Y,A,H,A,E,22,E,17,F,,,,,A,Y,N,D,1,0,0,0,21711.0,1,40.928688049316406,-123.91207885742188,3
2019,2019-06-11,1215,6,2,12,2,N,A,Y,A,H,A,A,01,S,08,F,,,,,A,Y,N,D,1,0,0,0,22107.0,1,41.0166244506836,-124.10700988769533,2
2019,2019-06-21,1300,6,2,13,5,N,A,Y,A,H,A,A,01,W,08,E,,,,,I,Y,N,D,1,0,0,0,22107.0,1,40.54558944702149,-124.09868621826172,2
2019,2019-06-28,1230,6,2,12,5,N,A,N,A,H,A,D,22,N,08,E,,,,,I,N,N,D,1,0,0,0,22107.0,1,40.249244689941406,-124.17335510253906,4
2019,2019-06-26,1737,6,2,17,3,N,B,Y,B,H,A,A,01,W,01,E,,,,,I,Y,N,D,1,0,0,0,23152.0,1,40.930130004882805,-123.68763732910156,3
2019,2019-06-27,1010,6,2,10,4,N,A,Y,A,H,A,L,04,S,08,F,,Y,,,A,N,N,D,1,0,1,0,22107.0,1,40.72121810913086,-124.21552276611328,3
2019,2019-06-30,1531,6,2,15,7,N,B,N,A,H,A,C,02,,03,E,,,Y,,A,N,N,D,1,0,0,1,22350.0,1,,,2
2019,2019-05-18,727,5,1,7,6,N,B,N,B,H,A,A,07,S,01,G,Y,,,,B,Y,F,D,0,0,0,0,23152.0,2,40.924564361572266,-124.10028076171876,1
2019,2019-06-28,1620,6,2,16,5,N,A,N,A,H,A,D,22,S,07,B,,,,,C,N,N,D,1,0,0,0,21658.0,2,40.82575607299805,-124.08551025390624,4
2019,2019-06-29,1245,6,2,12,6,Y,A,N,A,H,A,A,01,,12,D,,,,,C,Y,N,A,1,0,0,0,21453.0,2,40.944351196289055,-124.10099792480467,3
2019,2019-06-29,1230,6,2,12,6,N,B,N,A,H,A,A,01,E,01,E,,,,,I,Y,N,D,1,0,0,0,23152.0,1,40.94772338867188,-123.62319183349608,4
2019,2019-07-01,1400,7,2,14,1,N,A,N,A,H,A,A,01,N,08,E,,,,,I,N,N,D,1,0,0,0,22107.0,1,40.51846694946289,-124.16317749023438,3
2019,2019-07-02,1756,7,2,17,2,N,A,Y,A,H,A,J,48,W,03,C,,,,,C,Y,N,D,4,0,0,0,22350.0,3,40.91033172607422,-124.06073760986328,3
2019,2019-06-30,1408,6,2,14,7,N,A,N,A,H,A,C,02,W,08,B,,,Y,,C,N,N,D,1,0,0,1,22107.0,2,40.09954833984375,-123.91136932373048,3
2019,2019-07-07,1340,7,2,13,7,N,A,Y,A,H,A,A,01,S,05,B,,,,,C,Y,N,D,2,0,0,0,21460.0,2,41.3052864074707,-124.04440307617188,3
2019,2019-07-02,1230,7,2,12,2,N,A,N,A,H,A,D,22,E,08,E,,,,,I,Y,N,D,1,0,0,0,22107.0,1,40.2478141784668,-124.12271118164062,3
2019,2019-06-27,1500,6,2,15,4,N,A,Y,A,H,A,M,47,N,21,G,Y,,,,B,N,N,D,1,1,0,0,22106.0,2,40.41595458984375,-123.96255493164062,2
2020,2020-05-18,1145,5,1,11,1,N,A,Y,A,H,A,G,85,W,03,F,,,,Y,A,Y,N,D,1,0,0,0,22350.0,1,40.80073928833008,-124.17440032958984,2
2019,2019-07-04,2305,7,2,23,4,N,A,Y,A,H,D,A,01,N,03,C,,,Y,,C,Y,N,D,1,0,0,1,22350.0,3,,,4
2019,2019-07-04,2500,7,2,25,4,N,A,N,A,H,D,D,22,N,08,F,,,,,A,N,N,D,1,0,0,0,22107.0,1,40.64680862426758,-124.20480346679688,4
2019,2019-07-09,1605,7,2,16,2,N,B,Y,A,H,A,A,07,N,08,E,,,,,I,Y,N,D,1,0,0,0,22107.0,1,40.87947845458984,-124.08216094970705,4
2019,2019-07-05,2205,7,2,22,5,N,B,Y,A,H,C,A,08,N,01,F,,,,,A,Y,N,D,1,0,0,0,23152.0,1,40.02878952026367,-123.79396057128906,3
2019,2019-07-09,2250,7,2,22,2,N,B,Y,A,H,D,A,08,S,08,E,,,,,I,Y,N,D,1,0,0,0,22107.0,1,40.083683013916016,-123.79034423828124,2
2019,2019-07-09,1650,7,2,16,2,N,B,Y,A,H,A,L,04,S,08,F,,Y,,,G,N,N,D,1,0,1,0,22107.0,1,40.96990585327149,-123.64008331298828,4
2020,2020-05-18,1034,5,1,10,1,Y,C,N,B,H,A,D,22,,09,D,,,,,C,N,N,D,1,0,0,0,21802.0,2,40.791519165039055,-124.17607879638672,3
2019,2019-07-13,2137,7,2,21,6,N,A,Y,A,H,D,-,- ,S,18,H,,,,,H,N,N,D,2,0,0,0,,1,40.95483016967773,-123.64318084716795,4
2020,2020-05-13,1150,5,1,11,3,N,B,Y,B,H,A,G,25,W,03,F,,,,Y,A,Y,N,D,1,0,0,0,22350.0,1,40.80073928833008,-124.17440032958984,2
2019,2019-07-13,430,7,2,4,6,N,A,Y,A,H,D,-,- ,N,18,H,,,,,H,N,N,D,1,0,0,0,,2,40.489891052246094,-124.0979232788086,3
2019,2019-07-14,1850,7,2,18,7,N,A,Y,A,H,A,A,07,E,01,E,,,,,I,Y,N,D,1,0,0,0,23152.0,1,40.477344512939446,-123.71404266357422,3
2019,2019-07-16,115,7,2,1,2,N,B,Y,A,H,D,D,22,S,08,E,,,,,I,Y,N,D,1,0,0,0,22107.0,1,40.39590835571289,-123.93980407714844,3
2019,2019-07-18,1424,7,2,14,4,N,A,N,A,H,A,C,02,N,03,C,,,Y,,C,N,N,D,1,0,0,1,22350.0,2,40.795677185058594,-124.13722229003906,2
2020,2020-05-19,1107,5,1,11,2,Y,A,N,A,H,A,A,01,,08,A,,,,,C,Y,N,A,4,0,0,0,22107.0,2,40.78593063354492,-124.13963317871094,3
2019,2019-07-14,425,7,2,4,7,N,A,N,A,H,C,A,01,W,01,E,,,,,I,Y,N,D,1,0,0,0,23152.0,1,40.93881988525391,-124.10797119140624,2
2019,2019-07-16,1440,7,2,14,2,Y,B,N,A,H,A,D,22,,09,F,,Y,,,G,N,N,D,1,0,1,0,21802.0,2,40.785511016845696,-124.08531188964844,3
2019,2019-07-13,1355,7,2,13,6,N,A,N,A,H,A,D,22,N,01,E,,,,,I,Y,N,D,1,0,0,0,23152.0,1,40.787891387939446,-124.08049011230467,4
2019,2019-07-21,1947,7,2,19,7,N,B,Y,A,H,A,A,08,W,08,E,,,,,I,N,N,D,1,0,0,0,22107.0,1,40.70687103271485,-124.21038818359376,4
2019,2019-07-18,2058,7,2,20,4,Y,A,Y,A,H,B,C,02,,01,B,,,Y,,C,Y,N,D,1,0,0,1,23152.0,2,40.862129211425774,-124.15714263916016,3
2019,2019-07-17,1456,7,2,14,3,N,A,Y,A,H,A,A,01,S,08,E,,,,,I,Y,N,D,1,0,0,0,22107.0,1,41.4504280090332,-124.02582550048828,3
2019,2019-07-27,1210,7,2,12,6,N,A,Y,A,H,A,-,- ,S,18,H,,,,,H,Y,N,D,1,0,0,0,,1,40.128299713134766,-123.79934692382812,3
2019,2019-07-19,1648,7,2,16,5,N,A,Y,A,H,A,A,07,S,05,B,,,,,C,Y,N,D,1,0,0,0,21460.0,2,41.32311630249024,-124.03801727294922,4
2019,2019-07-19,1425,7,2,14,5,N,A,N,A,H,A,A,01,S,03,C,,,,,C,Y,N,D,1,0,0,0,22350.0,3,41.06891632080078,-124.14314270019533,3
2019,2019-07-23,1042,7,2,10,2,N,A,N,A,H,A,D,22,E,03,C,,,,,C,N,M,A,1,0,0,0,22350.0,2,40.78049850463867,-124.13954162597656,4
2019,2019-07-23,1454,7,2,14,2,N,A,Y,A,H,A,A,01,S,09,D,,,,,C,Y,N,D,1,0,0,0,21804.0,2,41.055320739746094,-123.67996978759766,4
2019,2019-07-28,1615,7,2,16,7,N,A,N,A,H,A,C,02,E,08,F,,,Y,,A,Y,N,D,1,0,0,1,22107.0,1,40.75586318969727,-124.03783416748048,2
2019,2019-07-30,1125,7,2,11,2,N,A,Y,A,H,A,A,01,S,07,B,,,,,C,Y,N,D,1,0,0,0,21658.0,2,40.87670516967773,-124.08252716064452,3
2019,2019-07-30,1721,7,2,17,2,Y,A,Y,A,H,A,D,22,,09,D,,,,,C,Y,N,D,1,0,0,0,21802.0,2,40.919189453125,-124.09461975097656,3
2019,2019-08-04,200,8,2,2,7,N,B,N,B,H,D,L,04,W,17,F,,Y,,,A,N,N,D,1,0,1,0,21200.0,1,40.90869903564453,-124.10572814941406,3
2019,2019-08-01,1242,8,2,12,4,Y,A,N,A,H,A,A,07,,21,A,,,,,C,Y,N,D,1,0,0,0,22106.0,2,40.76953125,-124.16475677490234,4
2019,2019-07-28,230,7,2,2,7,N,A,N,A,B,D,M,47,N,08,E,,,,,I,Y,N,D,1,0,0,0,22107.0,1,,,3
2019,2019-07-31,1205,7,2,12,3,N,A,Y,A,H,D,A,01,S,08,E,,,,,I,Y,N,D,1,0,0,0,22107.0,1,40.01784133911133,-123.79135131835938,4
2019,2019-07-27,1613,7,2,16,6,N,A,Y,A,H,A,D,22,N,01,E,,,,,I,Y,N,D,1,0,0,0,23152.0,1,40.588245391845696,-124.15567779541016,2
2019,2019-07-31,1605,7,2,16,3,Y,A,N,A,H,A,D,22,,03,C,,,,,C,Y,N,D,1,0,0,0,22350.0,3,40.803749084472656,-124.0879135131836,3
2019,2019-07-31,130,7,2,1,3,N,A,Y,A,H,D,A,08,N,08,E,,,,,I,Y,N,D,1,0,0,0,22107.0,1,41.393020629882805,-123.99352264404295,3
2020,2020-05-19,1519,5,1,15,2,Y,A,N,A,H,A,L,04,,12,H,,Y,,,G,N,N,A,1,0,1,0,22450.0,2,40.804779052734375,-124.16999816894533,3
2020,2020-08-26,1410,8,2,14,3,Y,A,N,A,H,A,A,01,,09,A,,,,,C,N,N,D,1,0,0,0,21801.0,2,40.78900909423828,-124.1718978881836,3
2019,2019-07-31,1451,7,2,14,3,N,A,N,A,H,A,A,07,W,08,E,,,,,I,Y,N,D,1,0,0,0,22107.0,1,40.12335586547852,-123.8442840576172,3
2019,2019-08-03,1843,8,2,18,6,N,A,Y,A,H,A,D,22,N,01,E,,,,,I,Y,N,D,1,0,0,0,23152.0,1,40.18444442749024,-123.77460479736328,2
2019,2019-08-07,1900,8,2,19,3,N,A,N,A,H,A,D,22,W,08,E,,,,,I,Y,N,D,1,0,0,0,22107.0,1,40.18401718139648,-123.5901107788086,2
2019,2019-08-10,1550,8,2,15,6,N,A,Y,A,H,A,A,01,N,08,F,,,,,A,Y,N,D,1,0,0,0,22107.0,2,40.95885848999024,-124.11593627929688,3
2019,2019-08-09,2140,8,2,21,5,N,B,Y,B,H,D,D,22,W,01,E,,,,,I,Y,M,D,1,0,0,0,23152.0,1,40.486663818359375,-123.90750885009766,3
2019,2019-08-17,954,8,2,9,6,N,A,Y,A,H,A,D,22,E,08,E,,,,,I,Y,N,D,1,0,0,0,22107.0,1,40.90426254272461,-123.741943359375,3
2019,2019-08-15,1246,8,2,12,4,N,A,N,A,H,A,D,22,N,03,F,,,,,A,N,N,D,3,0,0,0,22350.0,1,41.11612701416016,-123.71565246582033,2
2019,2019-08-14,48,8,2,0,3,N,A,N,A,H,D,D,22,S,05,A,,,,,C,Y,F,D,2,0,0,0,21460.0,2,40.78284454345703,-124.12852478027344,2
2019,2019-08-18,2345,8,2,23,7,N,A,Y,A,H,D,D,22,E,01,E,,,,,I,Y,N,D,1,0,0,0,23152.0,1,40.91654586791992,-123.61700439453124,4
2019,2019-08-20,1215,8,2,12,2,Y,A,Y,A,H,A,D,22,,09,A,,,,,C,Y,N,D,2,0,0,0,21801.0,3,40.2564582824707,-123.82479095458984,3
2019,2019-08-17,1823,8,2,18,6,Y,A,Y,A,H,A,A,01,,09,D,,,,,C,Y,N,D,2,0,0,0,21802.0,2,40.919189453125,-124.09454345703124,4
2019,2019-08-10,235,8,2,2,6,N,C,N,B,H,C,A,01,E,08,E,,,,,I,Y,N,D,2,0,0,0,22107.0,1,40.75754928588867,-124.1787338256836,3
2019,2019-08-20,119,8,2,1,2,N,A,N,A,H,D,A,01,S,03,E,,,,,I,Y,N,D,1,0,0,0,22350.0,1,41.07721710205078,-123.68453979492188,4
2019,2019-08-22,100,8,2,1,4,N,A,N,A,H,D,-,- ,N,00,G,Y,,,,B,N,N,D,1,1,0,0,,2,41.28804397583008,-123.5478515625,3
2019,2019-08-24,735,8,2,7,6,N,A,Y,A,H,A,A,01,W,08,F,,,,,I,Y,N,D,1,0,0,0,22107.0,1,40.9947395324707,-123.63198089599608,4
2019,2019-08-13,2020,8,2,20,2,N,A,N,A,H,B,C,02,S,03,F,,,Y,,A,N,N,D,1,0,0,1,22350.0,1,40.81305313110352,-124.08330535888672,3
2019,2019-05-01,1352,5,1,13,3,N,A,N,A,H,A,C,02,E,01,E,,,Y,,I,Y,N,D,0,0,0,0,23152.0,1,40.88525772094727,-123.98753356933594,1
2019,2019-08-30,1038,8,2,10,5,N,A,N,A,H,A,D,22,N,08,F,,,,,I,Y,N,D,1,0,0,0,22107.0,1,40.94101333618164,-123.6269302368164,4
2019,2019-08-18,2011,8,2,20,7,N,A,Y,A,H,E,A,08,S,05,B,,,,,C,Y,N,D,1,0,0,0,21651.0,2,40.457366943359375,-124.06766510009766,2
2019,2019-08-21,2040,8,2,20,3,N,A,Y,A,H,D,A,07,N,08,C,,Y,,,G,N,N,D,1,0,1,0,22107.0,2,40.46146011352539,-124.0847625732422,3
2019,2019-08-24,1730,8,2,17,6,N,A,Y,A,H,A,A,01,W,01,F,,,,,I,Y,M,D,1,0,0,0,23152.0,1,40.90707778930664,-124.04173278808594,4
2019,2019-08-25,1900,8,2,19,7,N,A,N,A,H,A,A,01,N,01,C,,,,,E,Y,N,D,1,0,0,0,23152.0,3,40.9395751953125,-124.10508728027344,3
2019,2019-08-27,430,8,2,4,2,N,A,Y,A,H,C,A,01,S,08,F,,,,,A,Y,N,D,1,0,0,0,22107.0,1,40.03553771972656,-123.78951263427734,4
2019,2019-08-27,1410,8,2,14,2,N,A,N,A,H,A,A,07,S,03,C,,,,,C,Y,N,D,1,0,0,0,22350.0,2,40.93838882446289,-124.10093688964844,4
2019,2019-08-30,430,8,2,4,5,N,A,N,A,H,D,D,22,E,08,E,,,,,I,N,M,D,1,0,0,0,22107.0,1,40.64192199707031,-124.22090911865234,3
2019,2019-08-31,1800,8,2,18,6,N,A,N,A,H,A,A,01,S,06,B,,,,,E,Y,N,D,1,0,0,0,21750.0,2,40.7935676574707,-124.13961029052734,4
2020,2020-05-15,1219,5,1,12,5,Y,A,Y,A,H,A,A,01,,03,C,,,,,C,N,N,A,1,0,0,0,22350.0,2,40.78416442871094,-124.18284606933594,3
2020,2020-05-16,920,5,1,9,6,Y,B,Y,A,H,A,A,01,,01,C,,,,,C,Y,N,A,3,0,0,0,23152.0,2,40.79399871826172,-124.17684936523438,3
2019,2019-08-30,2340,8,2,23,5,N,A,N,A,H,D,C,02,S,08,E,,,Y,,I,Y,N,D,1,0,0,1,22107.0,1,40.960426330566406,-124.11376953125,3
2019,2019-09-04,1655,9,3,16,3,N,A,N,A,H,A,A,01,E,01,D,,,,,C,N,N,A,1,0,0,0,23152.0,2,40.79127883911133,-124.1396026611328,4
2020,2020-08-19,1621,8,2,16,3,N,A,Y,A,H,A,A,01,E,03,C,,,,,C,Y,N,D,1,0,0,0,22350.0,3,40.80221176147461,-124.16370391845705,4
2019,2019-09-02,1545,9,3,15,1,Y,B,Y,A,H,A,A,01,,09,D,,,,,C,Y,N,D,3,0,0,0,21802.0,3,40.9192008972168,-124.09464263916016,4
2020,2020-09-07,1526,9,3,15,1,Y,A,Y,A,H,A,A,01,,12,D,,,,,C,Y,N,A,2,0,0,0,21453.0,2,40.80385208129882,-124.14929962158205,3
2019,2019-09-03,1050,9,3,10,2,N,A,Y,A,H,A,A,07,S,08,E,,,,,I,Y,N,D,1,0,0,0,22107.0,1,40.094356536865234,-123.79430389404295,3
2019,2019-09-02,230,9,3,2,1,N,A,Y,A,H,D,A,07,E,08,E,,,,,I,Y,N,D,2,0,0,0,22107.0,1,40.482421875,-123.57815551757812,2
2019,2019-09-06,1507,9,3,15,5,N,A,Y,A,H,A,C,02,N,05,B,,,Y,,C,N,N,D,1,0,0,1,21460.0,2,41.064239501953125,-123.6858139038086,3
2019,2019-09-04,840,9,3,8,3,Y,A,N,A,H,A,D,22,,09,D,,,,,C,Y,N,A,1,0,0,0,21802.0,2,,,4
2020,2020-05-30,1638,5,1,16,6,N,C,Y,B,G,A,N,60,E,11,G,Y,,,,B,N,N,D,1,1,0,0,21954.0,3,40.803184509277344,-124.15679168701172,2
2019,2019-09-05,2154,9,3,21,4,N,A,N,A,H,D,A,07,N,01,E,,,,,I,Y,N,D,1,0,0,0,23152.0,1,40.91569900512695,-124.10741424560548,3
2019,2019-09-04,1725,9,3,17,3,N,A,Y,A,H,A,D,22,S,01,D,,,,,C,Y,N,A,1,0,0,0,23152.0,2,40.809547424316406,-124.11415100097656,3
2019,2019-09-03,1830,9,3,18,2,N,A,N,A,H,A,D,22,E,08,F,,,,,A,N,N,D,1,0,0,0,22107.0,1,40.228477478027344,-123.94124603271484,2